Gene,LPK0.5_S1,LPK0.5_S2,LPK0.5_S3,LPK2_S1,LPK2_S3,LPK5_S1,LPK5_S2,LPK5_S3,LPK10_S1,LPK10_S2,LPK20_S1,LPK20_S2,LPK20_S3,LPK40_S1,LPK40_S2,LPK40_S3,HPK0.5_S1,HPK0.5_S2,HPK0.5_S3,HPK2_S1,HPK2_S2,HPK2_S3,HPK5_S1,HPK5_S2,HPK5_S3,HPK10_S2,HPK10_S3,HPK20_S1,HPK20_S2,HPK20_S3,HPK40_S1,HPK40_S3,LPHK0.5_S1,LPHK0.5_S2,LPHK0.5_S3,LPHK2_S2,LPHK2_S3,LPHK5_S1,LPHK5_S2,LPHK5_S3,LPHK10_S1,LPHK10_S2,LPHK10_S3,LPHK20_S1,LPHK20_S2,LPHK20_S3,LPHK40_S1,LPHK40_S2,HPLK0.5_S1,HPLK0.5_S2,HPLK0.5_S3,HPLK2_S1,HPLK2_S2,HPLK5_S1,HPLK5_S2,HPLK5_S3,HPLK10_S2,HPLK10_S3,HPLK20_S1,HPLK20_S2,HPLK20_S3,HPLK40_S2,HPLK40_S3
Biomass,0.022896429,0.022896429,0.022896429,0.02759375,0.02759375,0.035085714,0.035085714,0.035085714,0.02575,0.02575,0.0221,0.0221,0.0221,0.018046154,0.018046154,0.018046154,0.008015385,0.008015385,0.008015385,0.021525,0.021525,0.021525,0.032736364,0.032736364,0.032736364,0.037141667,0.037141667,0.038640714,0.038640714,0.038640714,0.040607143,0.040607143,0.00678,0.00678,0.00678,0.01744,0.01744,0.02569,0.02569,0.02569,0.02989,0.02989,0.02989,0.0291,0.0291,0.0291,0.03403,0.03403,0.01687,0.01687,0.01687,0.03192,0.03192,0.032976923,0.032976923,0.032976923,0.03418,0.03418,0.03388,0.03388,0.03388,0.02072,0.02072
AT1G01010,106,101,89,81,87,61,53,54,138,168,106,100,89,108,136,122,299,348,206,105,85,89,106,81,116,125,155,120,98,75,93,96,248,216,261,102,121,61,99,128,73,75,72,86,72,64,93,80,157,172,179,198,146,116,119,85,105,108,118,86,108,221,125
AT1G02350,55,56,58,68,62,54,79,57,30,47,54,41,44,24,84,49,19,32,43,53,45,73,55,61,92,65,53,45,70,66,62,67,45,33,18,59,41,67,44,64,63,63,64,51,78,46,79,76,44,63,42,32,35,84,67,37,39,52,42,44,49,42,54
AT1G02816,339,382,385,435,374,416,344,319,561,513,391,431,375,360,353,285,420,453,431,380,425,451,419,392,393,555,448,355,272,322,406,234,512,483,491,383,427,340,420,434,377,368,413,355,376,341,395,370,485,507,554,598,470,498,515,418,439,493,392,348,391,446,437
AT1G02880,286,353,353,238,243,252,228,244,302,358,234,266,246,274,367,235,458,475,409,299,237,207,266,201,287,355,362,321,247,251,195,209,336,396,376,336,320,292,303,365,274,255,266,285,311,318,336,298,355,361,314,349,341,289,303,375,279,255,262,266,209,279,271
AT1G03130,47820,48963,44904,55386,58282,66033,64086,67452,35472,34675,48515,45543,48221,40004,33439,44678,29751,31602,32479,43448,57704,52141,43225,47299,41503,28999,37586,37955,52416,45650,51248,57106,34656,36603,34468,49765,46783,57152,54194,49560,57052,54497,57846,55079,57998,59316,56265,63364,37510,34279,33160,29278,32264,43554,38671,40817,40553,37050,34660,37399,40483,29130,29450
AT1G03495,687,606,413,334,305,517,555,392,693,874,638,403,577,542,469,615,416,367,842,695,248,330,523,442,520,446,428,675,354,445,266,290,589,659,640,528,608,551,513,568,511,516,443,378,423,413,760,673,877,960,1296,917,646,578,405,511,596,768,502,348,384,780,686
AT1G03600,15484,15975,15732,20959,20458,21278,20300,20636,17551,18161,20325,20243,18669,19326,16596,20849,11355,11325,12764,16950,19063,19249,14920,16098,15908,17517,16458,17671,19209,18520,23958,23600,12740,12663,12753,17631,17834,19415,18107,17677,19460,19309,20611,19628,21350,19698,19822,21855,13635,14231,13437,16565,15242,18143,17646,16254,18488,18007,16893,17311,17040,17318,15227
AT1G03630,8967,9865,9161,9238,10428,9201,10144,9921,9456,9726,9105,9743,9768,8298,7340,8336,6424,6532,7384,10617,10659,11021,9072,10199,7883,9965,10097,11146,11549,11352,9427,8881,7965,8128,7999,10583,10389,11163,11237,11454,11733,11788,12013,11648,11936,12017,12412,12952,9110,8126,8790,9765,9543,11464,10571,10365,10856,10244,10400,9813,10867,9399,8330
AT1G03940,673,541,307,287,303,301,564,306,663,931,514,362,621,498,483,677,359,357,784,601,237,321,465,371,473,509,461,599,322,423,336,259,537,656,674,623,583,605,474,592,513,433,391,282,411,376,813,694,856,847,1209,957,657,385,328,409,555,676,342,334,331,810,837
AT1G04880,42,37,45,33,18,4,9,9,62,49,9,17,20,30,17,21,31,12,23,39,47,29,41,92,33,47,24,45,18,52,10,19,21,23,37,24,31,12,26,35,23,11,20,19,28,12,23,12,52,63,49,48,80,36,27,35,54,21,29,49,27,30,22
AT1G05960,1515,1484,1497,1434,1501,1207,1290,1248,1400,1348,1288,1453,1407,1485,1512,1536,1883,1793,1971,1424,1539,1623,1236,1428,1294,1579,1478,1266,1521,1347,1483,1362,1703,1572,1642,1451,1468,1396,1394,1493,1287,1361,1221,1439,1431,1479,1504,1384,1829,1657,1696,1382,1594,1449,1447,1551,1480,1415,1398,1461,1451,1639,1483
AT1G06680,132326,135343,127337,170771,176084,157909,168874,167115,142925,137018,151907,153543,148192,139162,114868,132672,87277,88016,97388,159410,171577,176197,128944,153843,133632,139007,138587,151189,167487,160798,168107,161966,113124,104458,106990,131007,148714,173698,159960,157305,175038,167023,176857,175340,176606,174449,184842,189326,117417,106598,111471,110074,115817,148110,140837,142641,143024,137657,138129,135894,138049,126127,117229
AT1G07330,13,26,8,18,3,10,0,0,19,22,17,7,8,3,6,1,3,0,0,4,6,0,9,16,4,21,11,8,4,2,15,6,17,17,11,16,9,19,9,19,10,10,12,12,6,8,1,10,15,13,11,11,27,19,19,24,14,6,5,9,10,16,4
AT1G07390,105,106,135,95,125,93,56,71,140,136,138,103,91,69,75,70,183,199,228,174,122,115,172,135,120,183,139,140,123,111,115,81,237,236,205,151,155,121,144,209,151,121,88,112,94,150,101,141,196,206,230,173,163,160,134,126,131,150,134,116,126,213,180
AT1G07420,287,323,293,218,205,250,246,200,300,372,266,292,205,207,259,190,305,356,298,334,260,277,407,279,320,278,297,246,242,231,244,195,420,359,376,380,285,301,292,330,343,291,282,297,295,254,291,344,278,359,384,443,375,296,316,329,315,363,347,289,281,348,394
AT1G08380,70806,75333,67180,87683,90586,93607,90632,93507,65061,63889,79017,80534,79432,75546,64373,74900,43307,44745,49588,75855,85847,85038,70497,87557,87712,70811,69977,78320,90317,80450,97228,94981,50823,48846,49608,70015,73592,86409,81488,74211,90653,87116,93514,88965,92811,91065,90857,98776,52992,50127,48911,55152,52754,71080,69082,71935,70047,66898,66051,66511,68177,60222,57779
AT1G09610,8,23,14,33,18,32,32,37,28,37,19,27,29,20,35,25,22,15,10,29,19,37,32,13,31,33,38,49,20,37,40,17,9,30,24,24,27,10,23,30,34,26,46,21,27,54,39,32,12,10,9,22,20,10,19,21,29,35,30,28,27,24,33
AT1G10360,1817,1981,2005,2223,2080,1875,1720,1748,1553,1658,1770,1896,1798,1646,1686,1531,1143,1088,1152,1376,1714,1623,1080,1310,1217,1435,1696,1329,1578,1619,1904,1866,1287,1161,1293,1457,1449,1790,1552,1565,1910,1646,1743,1728,1818,1632,1885,1982,1500,1616,1265,1235,1353,1402,1437,1500,1439,1519,1505,1374,1542,1367,1180
AT1G11940,98,103,96,129,133,135,116,184,116,123,115,130,121,113,133,123,124,136,107,109,143,150,76,111,128,129,152,93,122,122,122,127,123,115,120,112,107,89,135,153,110,129,131,143,120,110,158,152,120,90,120,86,108,146,93,100,109,117,143,133,113,127,138
AT1G12060,98,130,130,117,136,157,114,124,163,155,114,154,123,131,142,166,147,104,124,112,147,132,132,102,171,149,168,165,134,108,120,126,182,152,149,166,197,149,128,102,129,157,157,144,149,148,156,140,132,149,159,231,154,176,116,153,168,152,164,133,119,141,119
AT1G12855,12,1,3,6,6,6,9,5,3,12,7,2,11,2,3,8,7,3,2,7,7,4,3,1,12,1,0,0,7,3,7,17,0,4,0,4,5,4,1,3,3,12,12,4,1,6,1,5,0,2,1,7,2,1,1,3,8,4,2,4,4,5,2
AT1G12880,166,148,151,96,110,172,183,237,126,187,140,158,109,209,203,172,206,180,236,170,137,239,219,186,298,180,196,211,149,209,193,150,168,239,249,177,191,196,179,135,120,145,152,120,114,138,129,169,217,244,212,235,163,178,192,190,134,152,180,206,187,247,215
AT1G12900,52440,53516,51701,66538,65204,65321,64092,63228,65180,57041,61619,67143,61700,62219,52594,53461,31666,33515,36204,57270,64263,65526,53525,59717,49667,57955,59470,59593,71762,67054,79075,70301,48456,42881,43076,55531,60478,79176,73073,71110,66842,63218,64657,77131,75001,76991,67409,71607,46001,43648,45526,50467,57025,67590,66646,66491,60506,60770,63020,62464,63680,52357,49424
AT1G13650,1949,2251,2526,2684,2483,2861,2065,2202,2320,2445,2000,2495,2512,1424,1357,881,26,59,43,1124,1397,1632,1416,1863,1367,1556,2029,2084,2999,2536,2698,2876,1474,1423,1140,2898,2470,2926,2843,3046,3234,3143,3834,3142,2856,2942,2149,2973,795,721,562,1109,1207,1724,1249,1380,1831,1539,1038,1122,1347,592,596
AT1G14030,1093,1028,1056,1220,1243,1213,1381,1248,1322,1372,1219,1438,1239,1146,1021,1198,860,929,868,1163,1317,1163,1095,1182,1129,985,1059,1124,1364,1324,1470,1457,1094,1074,1068,1252,1279,1368,1322,1367,1286,1239,1261,1351,1474,1435,1476,1407,1050,923,1008,1028,1070,1202,1010,1064,1071,1142,1213,1123,1310,1042,1055
AT1G15820,127461,113910,98018,137700,134714,174538,170269,181487,102297,94125,149020,139066,141603,141837,108408,136450,72920,78316,87464,121164,141259,142130,131612,151788,130630,106372,107316,131534,158730,136977,177923,181197,85056,81994,83872,101560,106030,157000,135466,129193,133800,124654,134070,150794,156422,157769,136492,143576,97217,98954,88669,87610,92611,130827,123971,127053,104105,104537,114132,120870,124767,103078,99510
AT1G16400,1043,1112,991,801,656,363,490,367,967,905,789,738,633,815,552,690,1077,939,1041,985,827,820,541,492,520,862,705,766,728,718,640,622,865,946,972,821,864,695,757,738,707,683,589,732,683,651,744,717,1195,1210,1324,1169,1186,948,961,902,939,845,900,799,742,1087,916
AT1G17090,49,49,38,20,20,36,18,26,38,28,39,34,19,19,32,14,61,42,41,26,7,29,39,35,41,39,45,31,28,48,15,9,66,51,54,46,77,39,50,65,28,24,39,22,32,24,35,42,52,76,73,47,59,57,58,39,31,37,25,46,37,27,28
AT1G18910,249,311,302,270,276,198,228,205,235,191,283,254,313,249,287,295,385,335,311,341,229,287,211,194,269,336,369,253,278,283,227,236,359,346,355,318,338,213,313,320,286,283,301,276,267,308,218,235,280,264,338,199,317,283,325,326,278,305,272,298,243,340,336
AT1G19150,4333,4533,4092,5023,4986,5701,5253,5291,4384,4835,5212,5419,5333,4661,4055,4396,2573,2721,3416,5065,5180,5233,4390,5081,4153,4936,4651,5127,5661,5222,6399,5957,3614,3301,3528,4835,5023,6139,5422,5758,5916,5731,5770,5330,5862,5731,5298,5353,4149,3886,4009,4270,4318,5540,5099,5118,4814,4866,4976,4680,5040,4038,3512
AT1G20340,99913,109127,99464,125930,130201,138438,137223,136549,122065,128116,143788,139052,137373,123352,105702,117701,66712,67368,75452,119634,127422,124828,108813,128229,132523,120023,116069,127994,136371,125605,137757,132932,94505,87146,86625,119087,127224,139235,129929,124034,143552,140165,141860,138711,141027,140353,130139,136703,95925,88788,90837,118334,108819,132801,123349,119733,127385,122308,124432,119028,121932,108624,95423
AT1G21500,8129,9225,9421,10130,9296,11952,11149,12271,7686,7990,7679,8782,8146,6381,7203,5933,4850,5132,5743,7778,9111,8890,7522,8843,9165,7297,7686,8039,9663,8940,8999,8974,6444,6450,6410,8627,8732,9731,9485,8943,11116,11875,11565,10071,10269,9075,10157,10997,6326,6941,5583,6540,6458,7789,7181,6963,7974,7886,7391,7520,7403,5889,5868
AT1G23010,82,94,77,92,68,117,65,104,156,165,127,94,76,89,75,115,109,137,120,112,55,58,191,68,79,105,173,70,74,86,84,88,144,123,185,88,182,87,93,94,68,92,99,74,70,79,100,94,157,145,217,214,142,89,117,107,109,127,117,96,86,117,89
AT1G23040,268,206,182,155,157,250,202,165,278,240,234,175,179,190,197,198,217,279,258,233,142,154,269,243,226,251,200,201,122,155,204,192,296,301,306,270,259,266,255,277,235,247,212,167,182,165,141,174,234,258,256,322,268,210,183,241,194,244,203,176,154,226,197
AT1G23560,11,8,11,6,11,6,7,12,15,11,4,14,10,8,14,19,25,10,8,8,6,12,12,7,12,8,3,5,2,17,19,8,9,14,10,3,27,13,20,9,3,8,3,7,3,7,8,14,14,5,18,21,22,8,6,27,12,15,2,17,8,6,14
AT1G23935,44,45,47,60,75,101,105,99,112,90,71,115,108,113,90,103,35,37,21,70,86,105,91,106,57,83,63,88,129,92,87,64,65,45,37,85,67,85,68,107,62,60,105,77,87,65,92,82,42,40,53,58,60,108,59,95,68,58,41,79,64,76,69
AT1G26761,1726,1563,1663,1676,1850,1770,1912,1636,1476,1502,1630,1608,1773,1442,1306,1603,1100,1017,1168,1679,1656,1841,1630,1664,1473,1622,1671,1671,2004,1686,1952,1969,1457,1316,1287,1952,1851,1860,1791,1636,1928,1919,1822,1796,1685,1965,1919,2073,1465,1445,1367,1367,1393,1590,1445,1678,1599,1523,1344,1340,1462,1558,1251
AT1G28680,248,218,185,150,146,165,190,157,241,281,270,223,244,217,203,200,135,156,209,161,163,145,305,226,279,221,167,270,182,186,137,152,262,224,236,204,274,176,193,151,149,179,196,152,196,196,177,231,230,274,320,371,253,220,174,211,176,246,218,221,237,176,237
AT1G29420,11,30,29,47,46,26,12,23,9,17,7,43,19,12,27,24,3,5,4,5,16,16,5,27,10,17,21,19,42,37,30,16,16,15,15,19,27,25,35,24,33,28,28,41,52,34,23,32,9,11,13,14,21,22,39,38,17,33,31,32,13,19,2
AT1G29510,179,228,277,239,237,309,246,218,173,175,240,256,240,231,263,213,65,77,93,167,172,245,296,287,243,193,200,254,227,270,235,188,182,180,170,222,179,229,251,297,258,238,297,239,376,281,213,251,180,192,140,192,217,188,276,232,298,195,225,227,226,237,180
AT1G29910,198818,212523,199805,244745,254065,325717,291108,337048,156070,149546,219662,216099,223948,258894,224652,279093,169123,168201,182826,239547,282673,277382,262350,307468,353682,201664,197413,242952,272315,251331,344374,378953,132422,132270,135650,161107,169451,218421,202409,195204,227488,223300,239160,247817,247570,260398,264405,272463,148692,160192,140057,147528,154911,202587,202426,209250,189933,188525,180839,195705,199580,213049,210696
AT1G29920,262641,285335,265388,356653,341110,442045,396563,457269,235092,225543,290150,300434,285968,319246,259213,324790,209388,205907,221937,305022,374033,340042,294128,354324,385935,243841,242545,272633,328771,303078,397052,424384,221246,208840,210402,250174,260922,295645,286887,274680,313546,308937,318548,304532,304679,302290,310213,325321,199710,219258,200884,216969,218665,256689,250171,252422,258704,258546,224746,244302,242602,224119,221750
AT1G29930,634683,692077,651763,863209,834731,868117,751194,868078,553119,514332,698167,693561,691580,841589,653389,800541,461531,438337,453780,619592,745889,731869,592248,758119,766837,574771,581441,545659,718560,667574,932013,922291,446129,405817,427406,520723,558470,624180,549556,535912,674802,673327,701721,654777,636901,636815,657505,652031,431737,447994,421870,446774,449811,523274,525281,554858,545343,522828,418982,457763,468357,464755,461082
AT1G30380,75440,66316,61078,82919,73867,102302,99645,103428,65729,61819,93598,94973,84522,82592,75516,80083,47146,51247,55868,67192,82605,78681,70846,82827,94427,59852,62263,74861,93696,80941,100038,99286,54525,54814,54640,62951,67135,95309,87500,79794,78513,71457,76952,88839,91442,90944,86071,89806,56444,62041,55381,55480,56088,78100,71782,73714,61838,60449,70065,70405,73750,58997,56994
AT1G31885,2,7,21,5,13,4,7,2,13,4,4,0,4,10,6,13,6,6,4,1,9,3,12,1,10,5,8,6,6,3,9,6,15,9,22,9,14,0,8,9,8,11,3,4,1,1,1,8,11,6,21,15,20,4,14,6,14,22,11,2,4,3,8
AT1G31920,1052,1030,1073,1160,1221,1203,1146,1279,810,975,875,1160,1119,1099,1286,1414,707,845,785,979,1131,1082,920,1028,1041,722,868,1036,1138,1127,1107,1300,870,815,738,882,912,911,998,1070,1021,1008,999,920,1083,960,1097,1003,875,974,938,711,767,956,804,892,995,911,826,900,966,1023,932
AT1G35190,625,674,587,558,559,410,441,432,586,549,614,486,478,658,591,524,1002,1197,969,700,634,620,611,467,620,526,449,488,431,556,514,534,729,733,780,515,492,543,531,542,535,488,400,477,511,485,563,498,679,677,790,537,586,485,512,520,522,530,500,455,479,619,643
AT1G35260,158,118,97,58,122,81,69,26,78,117,97,136,94,89,97,82,101,89,112,87,59,116,118,65,112,96,104,91,87,111,109,79,130,132,103,114,216,121,92,118,73,81,110,134,132,71,100,105,107,90,137,136,117,146,120,154,114,104,78,97,112,79,135
AT1G35290,66,74,71,58,39,28,54,49,53,55,60,48,81,34,59,63,113,130,100,66,59,42,77,65,63,54,50,69,63,53,34,64,116,128,123,77,63,53,76,58,92,49,78,76,67,76,56,37,64,110,98,72,84,46,58,74,89,77,22,57,85,56,71
AT1G43020,11,6,4,3,8,0,9,5,7,9,7,3,10,7,13,1,11,7,4,3,4,4,2,1,2,5,9,4,1,2,7,3,16,10,12,11,7,4,7,0,5,10,3,6,11,8,4,4,15,14,13,15,15,8,15,12,3,11,6,4,9,14,6
AT1G43670,6082,5930,5661,7056,7252,7470,8400,8302,6701,6551,6715,7006,6859,6110,5462,5822,5281,5775,6477,7331,6426,6929,6477,7351,5097,6081,6313,6120,6642,6276,6781,6204,5169,5387,5215,7044,6650,7596,7969,8127,7515,6947,7306,6672,6861,7439,6927,7482,5837,5011,5721,6183,5764,7357,6976,7424,6856,6889,6588,6515,6628,6143,5454
AT1G44000,6523,6613,6564,7441,6593,8360,7550,7890,7257,7277,7447,8082,7510,6590,6991,6495,4041,4040,4507,6020,6279,5932,6294,6480,6903,6206,6619,6423,7208,6749,7110,7800,5513,5247,5229,7020,7228,7724,6931,6789,6878,6667,6822,7259,7276,7240,6872,7395,5744,5704,5482,6172,5841,6864,6135,6349,6374,6022,6802,6404,6807,5259,5088
AT1G44446,15002,15770,15994,19407,20892,20007,19751,20502,14723,13696,14918,17897,16985,16563,15673,16222,10172,9839,11143,15860,16436,18304,12920,15703,12462,12939,14021,13994,16908,16226,16647,16662,12635,11955,11653,14571,14005,15724,14753,15577,16344,16293,17023,16579,16272,16796,17132,18252,13743,12436,12368,11143,12742,13233,12558,12991,14153,13655,13244,13518,13541,12437,12378
AT1G45616,40,39,52,18,27,6,11,10,46,47,7,26,27,22,39,26,235,261,202,105,42,30,53,43,33,64,66,54,24,34,34,22,126,148,131,53,50,52,66,58,29,34,46,24,35,28,27,15,66,74,60,62,49,60,46,54,45,33,37,21,23,62,61
AT1G47271,12,13,4,3,1,4,7,10,9,9,2,5,1,3,10,8,2,3,3,1,11,7,17,1,16,2,3,16,2,3,9,11,15,15,8,9,9,2,10,3,4,1,11,1,6,3,3,6,12,1,12,7,5,5,10,8,4,6,4,15,6,3,12
AT1G48350,8555,8265,8149,10457,9317,12361,12407,13200,10280,10143,11911,11521,10687,10779,8666,9769,7750,8662,8765,9616,11898,10072,10165,9816,10292,8394,8506,9616,11802,11382,12875,12654,9268,8464,8601,10064,10954,12284,10736,11556,10374,9961,10703,11248,11499,11791,11744,11017,8461,8396,8848,9989,9421,10477,9143,8812,9338,9620,11441,11024,11960,9227,8566
AT1G48840,306,323,408,479,547,599,555,555,347,358,329,455,392,461,415,487,570,581,548,535,508,594,424,509,489,422,404,335,471,465,590,504,349,377,493,397,371,483,465,563,479,503,504,451,476,429,485,485,316,361,320,422,416,389,352,412,442,467,419,506,399,478,459
AT1G50400,7,8,10,6,4,4,4,5,16,9,7,3,34,10,14,5,5,12,20,8,9,1,6,1,12,11,11,11,5,2,16,14,14,23,20,6,12,15,6,5,9,2,8,4,6,8,3,9,18,13,15,18,7,19,6,12,9,26,6,16,8,8,12
AT1G50732,939,910,832,1065,982,1055,1114,1124,952,984,951,975,960,906,1019,907,407,493,553,803,857,902,737,767,762,742,768,728,986,916,915,940,696,572,562,968,955,1072,1019,947,1052,1000,1026,893,963,944,1123,1222,707,744,756,740,760,876,829,788,826,768,843,823,803,698,663
AT1G52080,184,167,169,99,111,135,139,117,172,171,89,103,109,74,176,127,177,214,177,118,126,97,158,98,104,203,188,144,154,145,99,115,204,194,194,121,205,131,188,197,182,121,139,138,146,134,146,135,189,189,156,163,161,164,168,145,194,174,144,137,127,176,151
AT1G52230,41702,43128,40776,49910,51800,45398,42750,43911,37915,35278,40693,42842,42791,37298,31645,34420,27655,26477,28881,44993,51724,48973,34810,38445,37358,40660,41642,43683,48164,44009,44230,42591,32951,31524,31212,45047,43957,49429,45323,43330,55121,49923,53762,52308,49536,48449,52199,52946,36244,32627,32985,38909,36556,44616,41797,41498,43374,40996,39314,39181,40656,35093,32991
AT1G52565,81,75,78,63,39,61,35,63,103,107,134,79,44,35,75,52,53,48,62,54,62,84,61,34,39,84,68,41,72,56,59,48,52,86,77,60,82,104,94,54,78,28,80,56,89,64,65,84,85,116,79,100,77,66,72,101,58,83,63,81,81,57,84
AT1G53163,20,26,27,32,33,59,44,26,8,24,33,21,16,37,39,39,14,19,6,26,35,33,33,19,51,31,26,51,29,34,22,53,24,29,20,38,29,35,20,25,25,40,43,22,28,27,19,38,6,14,25,17,33,24,23,23,22,21,20,20,32,26,39
AT1G53520,818,762,765,919,922,920,1016,1008,1024,839,994,1035,983,877,757,860,644,677,708,814,947,991,811,986,791,842,831,865,1201,946,1051,1069,952,938,900,996,985,1154,1045,1170,994,880,1022,1020,1057,1217,1060,1132,806,855,835,822,835,1020,884,933,897,882,1006,970,1138,1027,812
AT1G53680,32,52,33,19,25,34,11,19,37,31,24,27,23,15,21,25,6,11,9,12,22,21,38,10,43,26,18,38,29,14,59,39,38,28,34,48,50,38,39,35,44,42,31,28,35,26,14,18,64,19,30,59,44,58,59,57,29,23,46,46,23,13,21
AT1G54780,13787,15117,13931,16291,17441,15596,15388,15350,13757,14116,14575,15292,14935,13775,11422,12817,9543,9468,10071,15504,16488,16841,12015,13244,11826,14949,14333,15671,17012,15454,16523,15358,12427,12154,11965,15948,14097,16952,16175,15700,17695,17658,18051,18070,18366,17947,18573,17643,13231,11921,12173,13909,13209,15510,14893,14587,15268,14561,14821,13873,14499,13716,11887
AT1G55670,73322,84123,78837,92404,90435,81966,81071,81112,78079,79543,74594,82912,77003,68022,70360,67334,45876,41171,46611,74075,78968,80259,62009,71882,68659,79288,76442,80347,84023,77978,79001,69082,57654,56158,56150,83256,84517,83384,80155,75475,99864,98529,102702,93304,97258,84294,93199,103937,60065,59329,54610,68090,64806,73563,72554,72801,82109,75818,68031,66700,67247,64189,60614
AT1G55740,80,97,69,46,67,67,77,77,78,80,63,74,113,74,116,86,62,63,59,71,44,67,114,81,124,90,88,64,66,50,109,81,101,79,107,70,95,84,98,80,77,73,96,50,62,77,68,75,91,69,140,116,105,95,115,101,89,84,85,110,107,122,184
AT1G56020,181,135,124,129,95,117,63,85,94,142,102,103,86,72,106,118,127,112,118,58,77,81,61,78,137,121,108,86,89,119,100,78,130,147,134,115,146,121,100,104,121,109,71,99,59,64,115,76,142,158,142,155,161,113,128,134,125,91,123,141,144,91,89
AT1G56440,197,187,176,150,176,202,148,164,164,225,186,211,180,173,162,179,169,204,167,234,167,204,169,203,141,300,236,183,171,236,146,161,242,233,254,188,147,159,192,163,163,169,187,141,175,177,205,192,188,205,192,192,228,135,208,198,202,220,199,221,164,236,178
AT1G56650,451,398,194,102,86,139,169,111,512,734,281,197,308,335,242,297,396,556,599,397,97,154,407,263,232,506,403,453,217,222,137,143,597,546,634,485,448,486,377,512,340,206,237,120,158,194,514,404,440,430,576,643,418,397,293,446,229,398,279,180,216,363,367
AT1G57590,61,51,45,12,32,57,18,14,107,52,39,39,41,69,59,8,17,15,28,32,6,26,109,52,84,83,134,53,32,47,62,19,50,43,86,61,88,85,83,85,57,56,42,25,10,34,66,84,72,59,124,101,34,37,48,101,37,101,47,32,17,62,97
AT1G58270,3097,3272,2910,2810,3133,3969,2949,3102,2265,2195,2626,2739,2767,2776,3257,2547,1926,2059,3026,2630,2232,3402,3205,3500,3927,2590,3353,2955,2488,2842,2121,2330,1750,2005,2067,2144,2169,2580,2792,2534,2748,2752,2985,2943,3079,3247,2992,3235,2593,1924,2230,2006,2226,2626,3071,3545,2626,2602,2885,2782,2788,2789,3219
AT1G60160,765,689,724,1029,967,1031,1151,1229,938,758,806,903,861,1170,981,1094,1018,1050,1061,813,840,988,717,828,772,583,677,755,819,852,1001,858,604,658,736,651,601,783,807,844,823,729,838,868,835,778,1083,998,680,735,740,562,664,799,733,770,703,824,796,793,776,870,831
AT1G60470,25,6,0,3,8,0,4,3,15,9,13,14,14,12,32,12,10,14,12,7,5,24,36,21,47,11,17,16,10,23,12,9,24,34,13,9,24,12,15,8,14,1,4,12,1,12,5,27,34,23,57,18,19,20,36,43,22,26,22,16,27,36,48
AT1G61360,152,124,131,106,80,59,81,66,123,106,87,118,131,99,90,138,198,256,212,137,90,79,141,74,102,138,112,108,125,119,102,127,155,161,211,97,125,137,146,146,115,87,80,133,109,116,125,109,169,198,183,149,147,133,137,122,128,146,165,122,145,128,130
AT1G61370,56,54,87,44,56,42,58,31,41,67,35,57,59,45,53,50,103,106,93,66,65,51,67,55,39,43,50,48,45,56,40,74,107,91,80,43,52,51,42,58,52,50,37,39,47,37,40,39,47,100,84,54,61,47,88,66,66,59,58,91,69,62,64
AT1G61520,125933,137616,122478,150691,151000,138567,142993,141816,112030,102842,115890,125793,122673,119230,101179,113041,87532,89637,97801,132231,147296,148301,111907,140069,125439,112620,120323,126111,148062,135683,166380,149948,100098,96632,98042,114910,120919,144969,136985,129343,154437,145566,150066,152121,151238,149222,153276,160019,104486,99028,94419,86712,97642,120033,118638,124384,116000,112543,105315,107044,110895,97659,93318
AT1G64320,22,27,24,6,15,16,11,14,8,16,33,10,15,19,22,27,23,24,19,14,17,13,18,16,20,34,11,16,24,17,13,11,30,33,23,44,9,19,11,16,18,12,12,11,18,10,18,17,31,34,22,22,13,15,15,2,25,28,16,25,21,26,11
AT1G66540,348,339,352,270,255,222,241,226,317,475,474,331,345,232,238,193,284,317,383,421,289,266,308,232,206,439,436,335,336,217,387,315,400,424,372,384,412,403,425,376,406,255,215,250,286,267,309,237,389,385,411,535,369,589,565,459,460,363,357,289,248,323,211
AT1G67360,1083,873,768,501,513,815,571,449,971,949,1038,688,850,884,706,827,627,605,660,772,493,491,1223,1007,1098,1227,1453,860,586,717,658,521,1099,1139,1282,951,958,983,1059,1049,671,644,616,551,721,857,836,784,1171,962,1254,1098,740,825,1073,1118,589,750,581,499,575,734,846
AT1G67570,115,95,77,93,66,56,72,78,85,118,97,69,91,123,115,79,147,105,111,84,96,82,68,108,120,80,125,100,87,91,96,78,116,122,119,74,106,72,111,72,84,82,84,115,71,86,110,116,87,79,117,126,92,104,101,102,98,119,103,99,119,109,89
AT1G67590,781,810,781,954,1040,985,965,1149,623,739,921,1012,1104,980,926,1144,762,862,817,929,1109,1106,936,1006,1125,820,786,926,1047,987,1122,1443,476,646,623,675,567,772,745,739,836,778,795,882,911,923,1082,1089,808,872,656,582,668,809,799,787,679,786,867,728,885,997,903
AT1G67700,9347,9355,9519,10596,10484,12055,11572,12318,9807,10254,11058,11788,11068,10405,9183,10361,7581,7772,8617,10125,11564,11288,9914,10489,9638,9733,9478,9693,11939,11349,13396,13079,8916,8576,8084,10652,10383,10991,10313,10028,10746,11252,11162,11835,11507,11513,10908,10874,9259,8863,9044,10396,9459,10631,9924,9918,10378,10193,10532,10662,10775,10042,9271
AT1G67740,43284,51351,48203,60108,65049,45759,48799,46844,49106,51557,46692,48787,45010,47892,36285,45073,33517,29471,33812,60160,57763,61639,38384,43363,41189,53465,51821,52777,51658,52368,57638,49801,41227,38163,37459,56223,57617,55184,51664,50343,68252,66720,65630,57285,60641,53894,61188,66825,44458,37245,42125,50395,44512,51516,46863,47168,57722,54507,46700,43425,45053,47395,44360
AT1G68830,5409,5352,5430,6045,6469,5618,5581,5672,5286,5056,5419,5649,5410,4767,4404,4808,3991,4071,3902,5598,6103,5777,4332,4649,3528,5125,5301,5318,5719,5313,5232,5008,4456,4617,4276,5629,5178,5753,5710,5356,5972,6026,5955,5719,5807,5765,5221,5804,4890,4775,4716,4920,4899,5343,5495,5336,5667,5256,5168,5216,5031,5097,4555
AT1G69410,1583,1632,1624,1458,1430,1433,1399,1260,1595,1586,1427,1392,1278,1626,1519,1214,2394,2073,2102,1796,1687,1518,1375,1368,1761,1692,1570,1463,1377,1343,1381,1187,2113,2145,2154,1583,1649,1586,1569,1510,1562,1389,1562,1402,1369,1410,1450,1499,1994,1809,1935,1705,1692,1624,1538,1415,1565,1653,1532,1507,1532,1583,1608
AT1G71695,4681,4640,4396,4805,4742,5172,4710,5131,4164,4639,4786,4719,4735,5193,4510,5592,4553,4263,4271,4363,4312,4325,4356,4527,4891,3665,4017,4402,4115,4581,4408,4947,3871,3813,4026,4008,4361,4371,4300,4394,5401,4932,4728,4757,4925,4826,6029,5706,4185,4192,3784,3533,3446,4002,3595,3724,4077,4140,3650,3407,3998,4317,4006
AT1G72640,1962,1842,2001,2157,2169,2458,2248,2259,2078,2241,2570,2437,2443,2148,2165,2161,1694,1832,1962,2120,2386,1982,1765,2101,2095,1705,1812,1828,2212,2000,2344,2481,1625,1616,1695,1858,2012,2060,1941,2077,1888,2033,2004,1984,2042,2076,1937,2196,1954,1970,1927,1910,1712,2098,1837,1834,1949,1829,2189,1952,2220,1850,1773
AT1G74400,15,10,18,8,11,20,18,7,21,9,24,7,19,13,22,22,17,30,17,5,17,17,18,22,31,18,26,14,15,20,10,19,22,31,22,23,15,15,8,8,10,9,11,22,10,19,10,13,27,24,14,12,19,13,13,19,13,18,14,22,13,15,13
AT1G74470,65033,67110,66035,87750,87395,91571,93245,93637,73734,69561,83727,87634,80752,89032,66716,83355,43854,44351,43926,60821,68345,65858,63502,64786,54980,50902,64438,57442,72707,69973,91321,90315,53888,49574,50410,62807,66579,79037,71320,71046,81467,76495,77970,80189,82693,82790,81438,83349,54697,47614,52512,50154,52330,65291,59679,61219,66130,63616,59801,60603,66182,57640,54549
AT1G74730,5891,5855,5499,6144,5997,7109,6437,7070,6085,6319,6449,6297,6286,6120,5352,5778,4284,4404,5012,5685,6063,5767,6159,6647,6680,5516,5931,5948,6541,6192,7990,7297,5497,5054,4962,6518,6178,6917,6293,6614,6955,6676,6697,6773,6728,7127,6498,6761,5080,5261,5252,5910,5332,6279,5735,5534,5830,5907,5921,5462,5874,5379,4901
AT1G75460,5865,6277,5997,7125,6762,7198,6873,6562,5147,4637,5285,5932,5759,5199,5349,5124,3299,3138,3306,5028,5302,5487,4306,4750,4616,4413,5299,4428,5803,5385,5840,5495,4025,4270,4365,5605,5628,6034,6012,5711,6719,6569,6604,6315,6391,5554,6328,7174,4515,4978,3999,4418,4120,4594,4551,4590,5499,4647,4169,4379,4365,4183,3773
AT1G75690,7861,7820,7485,9290,8780,11310,9894,10362,8504,8560,9246,9446,9076,9000,8164,8513,4863,5372,5824,7816,8619,9271,8260,8874,9269,7797,7863,8184,10248,9354,10959,10825,7114,6138,6465,8196,8721,10166,8807,8787,10094,9747,10256,10035,9919,9970,9117,9323,6474,6652,6445,7695,7491,8568,8594,8252,8935,8769,8605,8521,9130,7435,6703
AT1G76130,618,670,612,455,618,448,483,350,774,838,603,583,616,862,631,623,500,413,430,830,617,699,990,824,811,1007,740,870,619,603,475,512,910,809,814,877,822,661,676,687,589,632,554,480,499,494,445,440,909,817,943,1116,1130,907,938,835,922,882,897,755,805,998,904
AT1G76980,81,93,72,68,56,40,56,38,71,74,54,50,81,61,82,53,56,81,56,59,25,37,55,56,53,89,71,78,54,59,66,48,112,96,72,86,101,81,112,70,74,42,63,74,66,95,58,44,102,69,83,73,88,84,95,105,79,80,68,53,90,83,84
AT1G77090,2005,2119,2035,2182,2151,2264,2163,2238,2394,2662,2456,2457,2345,2415,2099,2178,1444,1651,1785,2363,2094,2242,2161,2334,2156,2554,2438,2481,2456,2426,2825,2231,1937,1923,1895,2356,2356,2671,2533,2608,2598,2365,2377,2458,2638,2536,2592,2507,1783,1959,1772,2250,1881,2437,2272,2389,2253,2104,2222,2131,2347,2228,1971
AT1G77590,2126,2228,2240,2771,2633,2284,2323,2463,2565,2458,2890,2876,2696,2585,2076,2456,1553,1495,1426,1923,2322,2124,2395,2199,1655,2028,2459,2259,2803,2782,3047,2679,2155,2175,2146,2622,2598,2847,2767,2673,2685,2581,2599,2850,2842,3042,2767,2677,2053,1900,2344,1844,2073,2515,2267,2292,2326,2123,2226,2241,2657,2175,2085
AT1G79040,133112,130538,127158,147913,151536,171731,169853,166198,129004,127380,140539,142625,136876,135001,116876,116670,100663,102094,115850,144223,149113,148908,136425,153976,158436,128497,124293,127520,145829,144716,166832,162147,107650,103249,105321,118924,128492,153203,137270,128785,158017,144493,144418,143088,143661,145467,149617,152452,106719,114350,109694,111963,106983,123239,127619,132119,123872,122620,115377,113606,115644,106740,102661
AT1G79790,1325,1152,1060,1512,1384,1493,1438,1513,1169,1255,1396,1544,1461,1362,1301,1246,1158,1102,1147,1313,1549,1424,863,1006,962,1054,956,1224,1486,1123,1499,1502,917,906,951,1118,1129,1483,1137,1222,1218,1327,1366,1334,1513,1291,1270,1423,1112,1171,1023,903,905,1267,1063,1191,1088,1194,1267,1381,1411,1325,1156
AT2G04860,42,42,40,32,41,44,44,47,58,63,30,43,38,88,71,54,62,61,53,29,41,52,43,62,37,85,58,70,21,78,52,43,63,76,60,40,29,44,52,64,45,38,31,46,44,45,59,37,77,57,68,28,68,47,45,44,58,51,52,53,49,42,58
AT2G05070,95843,92678,83554,122693,113777,129019,124502,132198,71799,68250,94221,99783,99120,103083,89178,92964,61578,63161,70577,102877,109615,109417,90695,110358,94876,83988,82085,93681,107864,101258,106712,100843,69217,67794,67534,82238,87699,104433,92505,84795,110479,109269,106117,105981,107134,101696,115710,115765,73569,65556,64801,71471,70328,80968,86491,89152,88497,83459,77112,85441,80852,82225,77294
AT2G05100,106095,110380,95695,140801,137182,147496,136106,141847,87423,78473,109085,109032,111671,116224,96470,113428,86413,77976,90313,133006,139723,145437,115131,146431,117770,122261,109751,120809,133974,122815,140520,121258,89290,83142,81797,107164,109505,132061,122072,114429,128897,131315,128053,129413,124341,126472,137887,143004,85854,83037,81566,85950,92006,106259,113533,111068,109908,96123,101498,108828,98246,108205,98212
AT2G06520,65920,66859,59224,74478,71553,79014,75752,78104,64686,63747,75221,74012,72726,72442,62623,70345,45291,46347,52213,67798,71252,69292,59773,73990,81144,60463,59865,63905,72433,66832,83278,81509,51048,48222,48509,58346,64517,72627,64000,63395,73014,69087,70991,70804,70262,69559,72865,73318,55332,56191,51038,56895,53632,64279,61467,59709,62280,58786,61642,60330,61967,55430,49987
AT2G14580,231,217,242,248,313,327,390,324,230,251,153,268,285,101,70,39,153,107,146,146,182,173,187,209,257,146,215,195,240,222,142,154,144,178,159,196,154,149,157,178,217,182,234,228,210,196,194,255,115,151,165,151,168,178,155,178,220,148,167,201,209,112,128
AT2G15310,114,94,86,51,109,75,77,44,112,84,97,79,71,84,94,92,77,73,58,93,88,109,109,87,137,86,77,105,66,87,65,50,94,91,72,90,110,78,104,73,83,66,91,65,72,91,76,84,97,100,98,82,88,70,71,81,77,66,86,60,87,115,89
AT2G16740,627,591,603,433,427,381,466,447,425,499,484,436,425,411,533,367,379,312,401,516,376,436,603,467,473,528,438,541,421,368,319,365,563,514,574,606,552,525,546,483,492,482,426,475,456,395,513,569,722,574,697,772,691,569,609,480,543,472,561,541,521,608,582
AT2G17500,634,570,417,402,419,383,522,299,623,604,560,539,504,508,691,657,1882,1794,1955,718,571,641,632,448,703,539,495,595,359,461,499,337,1043,772,1069,589,636,569,649,538,453,401,492,340,405,385,552,409,769,754,830,739,759,504,611,643,537,653,639,622,503,464,704
AT2G17840,386,303,228,278,343,289,276,249,291,296,361,295,258,407,282,374,305,250,270,299,222,301,413,340,369,355,417,283,226,272,288,284,326,334,332,313,418,321,281,270,271,261,375,243,275,290,386,326,428,331,465,373,341,311,361,380,350,420,357,397,305,441,546
AT2G18000,24,9,20,17,15,16,18,19,33,30,33,29,10,20,28,24,46,28,21,42,14,21,15,25,26,19,18,16,11,9,18,20,38,39,31,11,39,21,19,30,19,32,17,7,19,28,26,17,14,27,44,24,25,29,19,20,33,37,30,16,18,16,28
AT2G18210,35,30,48,15,24,10,12,12,42,30,26,33,40,17,24,19,29,50,35,50,20,24,41,30,26,25,26,25,29,53,15,22,38,53,37,37,36,33,83,59,30,20,33,37,34,27,8,23,57,51,52,44,48,34,43,46,42,29,22,41,27,25,31
AT2G18230,1717,1709,1508,1292,1338,1348,1473,1372,1560,1859,1524,1551,1533,1429,1328,1336,699,614,887,1676,1419,1391,1393,1686,1437,1726,1596,1700,1094,1238,1408,1011,1383,1397,1520,1811,1852,1407,1471,1524,1406,1407,1490,1054,1301,1278,1330,1313,2083,1711,2336,1804,1817,1906,1649,1425,1750,1650,1353,1257,1346,1547,1448
AT2G18240,258,258,253,174,111,157,160,160,180,207,195,190,188,146,155,105,188,204,236,207,117,156,193,197,289,238,255,228,153,201,180,152,196,235,229,176,205,209,208,226,178,159,129,141,209,209,174,201,231,193,197,227,241,237,183,268,185,167,236,203,178,227,201
AT2G19580,49,67,49,36,39,40,21,38,94,45,69,55,55,40,63,44,51,56,54,62,37,37,44,40,73,82,74,40,68,37,37,26,54,61,58,78,56,55,39,69,49,49,69,51,62,48,41,41,45,87,53,79,66,55,59,56,84,54,45,42,37,68,74
AT2G20240,339,362,429,416,460,393,494,425,392,361,335,434,438,512,462,510,292,263,297,387,401,491,485,413,434,383,429,429,498,518,403,476,369,396,364,391,385,485,401,477,383,425,388,419,457,443,442,386,415,376,383,313,417,423,428,397,399,420,415,379,389,425,334
AT2G20260,15615,17321,16182,19841,19352,16300,16045,17305,14596,14666,16992,17906,17023,16578,13722,16601,11997,11259,11857,16573,19071,19244,11298,13651,13813,15072,14546,16025,17813,17169,19679,18598,11564,11424,11783,14239,15055,16314,15433,15883,17604,16524,18644,18126,18333,17291,18070,18763,12746,12737,12228,13072,12343,14560,13763,13906,14436,14510,13883,13272,14454,14766,13774
AT2G22590,13,8,9,12,16,14,4,5,44,18,19,10,10,7,17,4,2,2,3,9,2,8,64,6,24,24,17,6,11,9,7,6,43,20,27,29,28,6,10,16,4,12,11,7,6,11,10,6,45,22,128,24,41,14,27,23,20,15,11,25,10,24,41
AT2G24190,188,165,189,125,134,107,134,139,218,222,169,257,172,155,139,121,143,111,112,184,182,179,134,111,151,208,210,164,178,173,171,121,180,178,196,227,195,219,180,130,188,173,155,174,173,152,167,158,199,225,235,284,248,250,240,213,229,228,179,186,163,205,231
AT2G24860,800,708,740,1037,910,1221,1035,997,877,925,1007,1103,902,926,708,874,961,950,990,851,918,889,769,844,844,735,613,804,869,806,853,906,743,734,755,865,841,1059,986,896,851,794,887,867,895,893,951,855,699,903,698,746,637,801,757,818,793,781,775,825,802,722,726
AT2G25080,9609,11174,11235,14514,14226,12317,12558,12549,10495,10354,10666,11862,10477,8938,8678,7923,11021,10352,10897,13455,14005,15012,10385,10938,9715,12301,11617,11895,13654,12500,10339,9965,9175,8401,8842,11838,11323,12240,12679,11855,14042,14101,14515,14498,15036,13734,12305,13727,8753,8838,8098,10169,10779,11775,12174,12218,12827,12246,11892,13373,11495,10567,10138
AT2G25730,671,675,638,656,690,589,724,520,927,832,726,740,758,938,842,929,811,845,664,805,791,768,656,670,644,841,798,783,819,732,902,883,991,960,943,939,815,702,715,725,672,675,819,741,730,782,739,743,879,618,1001,643,865,804,720,799,840,754,738,795,776,954,783
AT2G26600,547,503,569,444,443,500,427,404,405,448,314,436,437,448,464,466,608,669,693,512,407,451,568,494,516,538,642,481,353,347,385,324,487,546,636,546,545,461,440,498,467,464,459,433,435,402,412,453,571,511,519,524,539,537,630,509,472,471,459,518,427,465,570
AT2G28800,13011,13572,13888,15235,15344,16315,15809,16259,14044,14549,14473,14745,14386,13955,12716,13638,10377,10757,10913,13475,14240,14889,13467,14072,12633,13595,13904,12772,14699,14699,15609,15446,11641,11407,11206,14367,13795,14232,14114,14264,15600,15346,15418,15727,15461,15341,14185,15236,12371,11656,12352,13292,12733,14118,13448,13207,14284,13818,13919,13588,13978,13318,12237
AT2G29660,507,513,467,434,424,327,323,308,336,346,504,347,422,365,364,374,516,442,474,435,444,450,477,380,487,387,474,420,372,361,390,406,501,509,523,406,354,445,321,413,407,372,424,447,447,429,474,410,567,579,591,526,405,437,454,445,393,451,357,360,384,497,533
AT2G30550,617,616,523,703,565,1009,740,788,642,703,729,544,715,670,559,808,774,887,811,520,457,522,579,593,597,655,689,636,530,581,590,586,603,574,571,596,580,713,837,726,691,628,694,783,724,790,766,689,533,529,607,466,552,621,700,628,612,652,633,570,626,480,618
AT2G30570,59220,56415,54085,64828,61860,91121,86333,84158,57690,56734,61444,64581,62785,56646,62793,50106,37810,40950,44513,51712,61247,59715,60206,70753,72902,48584,54654,52814,66409,59819,65979,64186,42688,42860,44215,54121,57433,72743,67084,62964,70883,64525,70654,67759,67851,70119,72482,77008,43920,46416,41145,43061,42665,56591,55530,58266,52429,49613,53003,53009,54452,44553,42475
AT2G32200,2,1,4,8,5,2,0,2,7,4,2,9,0,12,5,13,39,31,55,8,19,7,5,10,20,2,1,4,1,3,1,9,13,7,10,6,1,8,23,18,13,0,10,4,1,1,4,5,9,15,19,14,7,10,12,3,7,3,12,1,4,30,7
AT2G32240,2750,2615,1990,1967,2187,1850,2179,1904,2669,2339,2419,2238,2468,2363,1883,2798,1720,1556,1565,2446,2195,2009,2849,2748,1971,2711,2767,3003,2628,2792,2152,2024,3286,3439,3234,3051,3134,2737,3349,3236,2277,2410,2551,2696,2546,2864,1847,1796,3333,2605,3725,2775,2969,3118,2874,2977,2676,2553,2462,2183,2596,2327,2231
AT2G33255,976,1055,948,1064,1079,910,1053,1015,1001,994,1025,985,995,951,950,929,682,794,726,979,956,873,954,989,997,931,1057,961,991,857,1104,903,904,870,925,1106,961,1014,1007,1015,1036,1057,1065,1085,1168,1081,923,1052,961,948,981,971,897,987,928,959,1016,1030,1067,969,1034,1010,903
AT2G33680,82,95,95,49,76,22,58,54,71,82,45,98,79,91,76,88,78,85,75,91,50,63,91,58,98,83,87,65,67,81,71,81,90,101,72,74,79,56,56,69,66,62,49,82,43,75,83,88,74,87,104,82,68,89,70,58,75,84,70,75,62,58,89
AT2G34170,780,880,824,997,941,769,735,870,691,698,757,817,912,831,903,784,504,498,530,668,775,854,551,550,573,815,786,801,911,826,978,1058,671,613,584,730,764,752,774,733,851,869,857,956,929,978,959,954,698,596,602,650,614,745,757,798,804,703,849,826,903,910,896
AT2G34420,301564,318117,281664,365529,364097,393078,376433,422424,225848,224658,296350,287093,290398,321392,274502,341322,269888,259428,290226,377876,415612,405463,300417,352113,379146,294421,273187,329975,355887,329667,406439,426332,213006,214512,215108,232520,254776,307849,281685,267242,329209,309059,326959,322427,328481,311008,338963,366898,256044,281184,246996,269687,255380,297225,303397,296747,289100,288797,259934,269226,269529,300950,290483
AT2G36290,804,570,594,542,521,472,573,493,874,822,780,700,622,596,534,468,662,609,648,626,534,671,755,584,640,743,633,773,543,687,614,557,760,737,791,665,931,701,691,751,657,537,679,694,633,660,680,643,749,737,1032,880,793,669,775,804,692,665,731,740,660,681,736
AT2G38330,1067,1095,1116,1186,1212,1213,1200,1328,1057,1030,1100,1062,1028,1129,1069,1165,724,749,816,971,1103,1107,1025,1270,1257,1039,960,1025,1074,1162,1136,1232,850,810,744,990,1014,1116,941,1065,1018,1148,1036,1074,1129,1130,1070,1025,817,838,925,934,1019,1067,1103,1066,1084,1122,1031,1080,1083,977,981
AT2G39470,4893,4697,4771,5512,5276,5991,5734,6226,5699,5887,6072,6445,5812,5055,5007,5040,3784,4036,4495,5618,5722,5578,4826,5026,4895,5303,5056,5334,5625,5285,6784,6591,4243,3921,3859,5722,5554,6063,5318,5394,5669,5568,5809,5484,5585,5834,5540,6304,4707,4699,4362,5223,4875,5728,5209,5052,5086,5014,5537,5073,5763,4714,4230
AT2G39730,444458,466251,424492,540680,565526,489952,529168,508173,528539,520118,542775,526893,511167,454707,355440,430979,255804,262726,293845,500515,493124,491824,424662,465238,339907,501639,487059,513467,510534,492899,518560,493346,372002,345313,345768,440300,468729,549856,522066,493394,533931,519975,513397,519459,531644,518251,455620,501458,407088,361495,391341,478102,472352,581171,561119,551116,531104,526647,491182,479823,483975,443150,399462
AT2G40390,137,111,148,78,46,48,56,75,90,118,84,67,91,64,112,63,59,49,52,91,51,76,85,77,114,129,126,96,100,64,63,68,113,95,87,81,101,56,94,87,55,55,74,92,95,55,59,71,68,91,152,115,142,118,147,136,100,84,81,94,71,74,98
AT2G42220,12556,12567,12636,15187,15063,16645,14588,15924,13029,12723,15336,15606,15505,15288,13231,14985,8892,8619,9210,11830,14774,14101,10983,13213,13259,11293,12215,12786,16184,14083,17959,19653,9773,8904,9299,13095,12900,14692,13898,13349,14917,14879,15002,16678,16669,16855,15748,16031,10528,10354,9533,10794,10501,13865,12709,12799,13028,12415,13786,13599,14931,11903,11721
AT2G43620,47,30,33,29,23,61,23,21,42,30,20,41,18,40,66,49,104,81,76,24,15,35,33,28,41,46,70,25,37,25,34,23,50,77,36,44,30,15,77,94,20,28,21,25,14,12,49,22,43,60,55,108,50,19,58,24,33,69,47,18,31,74,34
AT2G43900,739,698,747,1009,944,1011,974,1088,730,787,891,952,964,1015,997,1026,537,733,571,772,975,809,740,742,673,732,767,879,918,842,967,1122,544,642,657,819,673,848,906,887,891,947,1020,880,892,906,896,915,635,559,582,516,626,764,783,697,817,734,747,741,761,731,710
AT2G45050,102,78,86,124,124,121,134,101,90,101,97,148,93,116,109,137,121,110,126,92,146,175,102,101,114,125,100,129,90,144,134,137,98,81,77,98,146,97,116,114,127,137,150,126,119,126,129,175,109,114,138,84,96,123,106,118,111,112,88,128,104,124,151
AT2G45830,188,194,206,129,115,121,77,84,87,127,63,113,97,108,93,72,127,124,116,104,118,122,141,139,153,135,118,98,66,95,127,105,133,158,172,102,129,112,93,64,106,89,84,74,114,83,81,68,166,183,166,201,190,122,177,136,97,124,144,131,110,127,158
AT2G45910,824,783,781,891,953,847,1068,865,694,735,847,863,729,865,797,1011,834,866,893,814,816,878,694,765,634,808,820,761,736,785,841,984,886,719,744,761,683,867,892,794,1137,850,881,815,824,804,1212,1145,743,672,741,566,780,693,817,810,695,675,843,929,828,788,749
AT2G46420,919,953,928,711,761,630,671,597,1102,1065,878,839,844,725,952,662,894,851,734,755,751,565,992,689,754,1074,979,851,761,818,669,616,1045,1021,1115,875,831,842,899,919,868,847,793,744,850,853,782,728,960,923,891,988,1047,1028,1010,1044,946,886,941,931,973,875,785
AT2G46590,366,437,459,289,342,226,286,296,337,367,307,321,295,251,335,308,334,251,309,312,368,321,345,379,412,427,424,318,330,314,270,276,420,393,362,412,429,383,360,361,348,414,335,334,309,301,327,362,461,417,336,343,459,505,477,491,402,366,450,387,408,341,332
AT2G46710,1533,1725,1673,1657,1750,1792,1954,2047,1164,1172,1461,1608,1588,1641,1594,1875,1355,1294,1331,1492,1618,1731,1492,1702,1710,1637,1582,1858,1658,1794,1805,2218,1236,1237,1258,1339,1323,1525,1420,1310,1541,1613,1499,1768,1761,1789,1666,1587,1473,1395,1243,1227,1352,1361,1391,1440,1382,1434,1672,1731,1893,1457,1575
AT2G46820,38647,39734,38481,42774,40666,48064,44901,44391,41578,41693,39338,43163,41446,36799,36715,34018,20143,21328,25245,35031,36879,37868,35764,41380,37244,39955,39293,40284,44321,39933,47512,45926,29844,30219,28927,42986,42832,49597,46302,43060,49954,49170,48401,45776,48105,46120,46555,52375,29675,30410,27522,32433,32639,39652,39285,41240,38339,35277,33995,33803,34552,29268,26525
AT2G47450,16135,15670,14797,19064,18109,22659,21600,22718,14555,14056,19698,18374,17681,17884,15011,17104,15367,15575,16642,17826,18847,19445,16181,19912,20910,13930,14735,14775,17622,15986,20833,23955,13563,12955,13375,12410,14419,17647,14852,14274,16522,15689,15951,16620,16870,16850,17850,16276,14626,14373,13021,11879,12461,14546,14013,14103,13788,13815,14264,15116,14762,13463,13337
AT2G47750,320,409,442,428,451,371,453,423,390,385,354,345,349,332,279,335,279,296,262,324,394,309,226,350,287,318,320,376,413,411,521,484,334,290,292,429,453,372,466,442,431,511,422,468,457,467,512,581,177,172,178,203,293,302,283,279,354,261,247,227,407,238,234
AT2G48090,58,54,45,40,32,44,25,24,37,34,28,45,38,42,46,46,59,61,78,51,42,16,35,37,63,28,37,28,46,39,38,29,48,50,93,29,53,44,64,31,38,33,42,24,43,20,30,25,85,69,86,44,58,63,48,74,55,59,27,51,44,35,28
AT3G01220,54,49,23,33,13,26,26,26,41,37,22,36,12,5,33,21,38,31,25,25,12,33,32,24,26,32,26,31,17,20,18,9,59,53,18,36,87,52,26,40,40,22,50,35,28,70,21,25,62,43,53,54,52,43,48,53,42,48,65,49,38,26,52
AT3G01480,8822,9246,9616,11440,11432,11716,11906,12060,10966,11169,11918,12145,12300,10481,9297,10480,5527,5783,6305,9836,11175,10769,9274,10016,8619,8798,9086,9644,11833,10890,11542,12289,7813,7517,7390,10267,10186,10717,10161,10393,11116,11390,11887,11226,11872,11686,10541,11362,8607,8177,8227,8945,8722,10385,9412,9126,10645,9984,10898,10547,11386,9660,8784
AT3G01690,4827,4792,4679,5613,5429,5818,5355,5968,3311,3475,4609,3892,4423,4967,4501,5147,5049,5036,4804,4813,5847,5485,4292,5220,6081,3904,3773,4264,4777,4787,5112,6604,3757,3770,3742,3777,3840,4439,4048,3810,4510,4483,4548,4699,4855,4773,4588,4755,4393,4967,3914,3564,3609,4304,4066,4369,4359,4231,4163,4116,4200,4179,4318
AT3G01920,612,507,508,663,665,674,657,771,671,710,672,626,640,646,503,525,383,365,398,557,622,595,477,559,465,612,566,610,576,595,697,650,420,393,388,559,620,627,680,674,581,627,627,584,712,612,645,664,488,440,500,498,553,561,539,561,621,620,537,524,480,554,482
AT3G02470,0,2,5,13,11,2,7,3,7,3,7,5,3,2,6,7,0,4,1,4,4,12,3,3,2,1,8,13,1,5,3,3,0,1,5,2,5,1,7,11,5,8,9,7,9,9,3,14,1,4,1,3,6,5,1,1,4,3,14,6,6,2,1
AT3G02940,8,2,3,1,3,0,4,2,0,2,4,2,3,0,5,0,3,7,4,1,1,5,3,6,4,2,7,3,2,2,6,2,2,16,13,7,7,4,3,6,0,2,1,2,1,1,1,1,5,4,10,10,4,3,6,5,3,4,2,5,8,3,6
AT3G03980,322,279,285,293,312,509,494,503,337,350,387,379,355,325,370,394,367,411,421,345,325,386,264,355,365,292,316,335,380,389,432,486,322,350,352,352,372,430,356,345,387,352,412,401,344,416,454,420,357,298,301,339,256,343,335,306,341,322,300,297,367,373,319
AT3G04350,613,628,590,711,650,809,873,724,688,614,819,705,637,762,824,854,704,726,742,622,664,687,600,515,595,490,603,528,564,598,643,740,615,550,606,608,613,770,678,750,909,708,651,772,738,699,1057,899,502,553,549,582,531,481,543,539,478,468,552,562,627,639,644
AT3G04890,472,414,434,463,430,486,490,493,388,409,476,494,411,523,349,435,416,429,399,485,576,482,431,393,514,458,394,436,482,506,528,582,377,383,341,459,477,428,488,479,438,503,428,463,491,532,518,504,405,397,417,484,388,377,393,407,404,376,412,363,427,398,412
AT3G06130,1046,947,879,1116,1187,1273,1383,1366,851,873,1204,1158,1125,1170,1177,1420,1039,990,1070,1137,1349,1331,1130,1544,1649,1191,1216,1284,1335,1138,1184,1516,833,911,958,914,952,1242,1143,1133,1077,1123,1234,1181,1306,1310,1159,1157,1079,1119,1061,965,929,1150,1082,1204,1019,1114,1094,1207,1242,1264,1183
AT3G07250,4,3,4,9,4,14,2,0,12,1,7,10,4,2,1,6,3,12,1,1,7,3,5,1,6,2,8,3,5,5,4,2,7,9,7,7,2,4,5,4,1,4,9,2,3,2,3,3,6,2,8,12,3,5,5,2,1,7,5,9,4,9,2
AT3G07350,204,190,333,1223,1007,807,728,722,278,311,692,793,743,1991,1628,1724,456,668,889,529,578,794,638,686,587,92,190,180,487,642,1584,1378,139,187,302,95,97,239,367,475,763,686,952,352,491,547,636,891,233,282,266,55,49,70,117,204,345,369,187,118,182,765,813
AT3G08040,73,80,78,63,35,18,37,37,58,45,67,31,53,50,45,31,49,51,54,29,52,39,53,43,31,39,41,34,24,41,27,25,52,68,77,70,84,41,65,68,64,35,47,34,28,34,56,40,49,58,71,39,73,66,72,83,42,44,40,42,38,56,73
AT3G08940,97492,96107,85238,118240,118098,143321,136914,147565,73229,66422,110268,105689,105621,105568,83073,109655,74991,76626,87142,101700,120995,121519,84199,102684,92699,78086,79885,91905,113350,97583,123251,133622,69103,68417,70071,77277,81863,113227,100189,95477,106962,97446,107414,108284,110082,109918,112261,116567,80251,81051,71309,63029,69130,89092,87593,90597,80333,78446,82290,88029,87928,81231,77376
AT3G08970,69,51,48,50,52,38,37,61,48,83,28,51,38,39,64,71,78,84,64,45,25,26,27,46,35,75,98,54,37,41,37,26,40,61,44,40,73,34,64,45,43,44,30,21,37,46,44,48,89,71,55,46,62,52,48,66,46,55,47,28,56,70,62
AT3G10060,3594,3773,4108,4310,3976,4211,3887,3862,4474,4531,4096,4274,3944,3582,3276,3344,2161,2168,2463,3700,3766,3460,3424,3629,3116,3812,3769,3674,4225,3884,4259,4026,3161,2979,2945,3890,4253,4293,4060,4028,4307,4211,4261,4083,3954,3915,3927,4088,3189,3080,3320,3342,3465,3913,3680,3796,3971,3813,3671,3489,3607,3144,2845
AT3G11570,15,0,12,13,27,28,11,33,13,7,7,9,8,7,15,7,13,31,9,14,14,12,6,22,8,12,16,8,7,11,19,16,3,13,9,9,7,6,16,9,4,9,11,11,3,15,18,10,5,9,12,12,7,6,8,8,12,10,7,18,13,7,6
AT3G12320,3819,3846,4222,4393,4339,4193,4053,4028,3371,3578,3723,3694,3606,3282,3349,3285,2211,2227,2420,3034,3116,3193,2652,3247,2682,3006,3126,3168,3495,3322,3064,3163,2896,2764,2747,3200,3128,3470,3687,3731,3812,3777,3447,3698,3826,3774,3131,3346,3082,3176,2466,2768,3189,3200,3466,3598,3549,3137,3149,3259,3213,2209,2448
AT3G12345,5649,6152,6025,7435,7640,7325,7318,7330,6272,6862,7222,7044,6695,6214,5206,6233,4621,4992,5365,7114,7886,7361,5656,6020,5505,6640,5991,6328,7268,6325,7414,7805,5642,5143,5358,6646,6846,7108,6916,6630,7719,7350,7442,7350,7493,7282,6828,7476,5733,5497,5622,7249,5982,7037,6603,6379,7193,6954,7141,6938,6793,6726,5872
AT3G12350,717,718,778,757,830,718,831,778,616,679,876,757,721,845,680,782,568,723,731,664,764,631,589,692,628,726,742,583,743,640,741,748,698,638,567,683,661,1076,927,778,885,697,636,816,767,795,902,849,700,757,602,618,643,709,928,894,578,578,705,694,690,657,691
AT3G12977,9,17,16,5,5,0,9,9,9,11,2,5,5,10,18,1,10,14,13,5,5,3,8,6,10,11,18,6,7,11,3,14,21,14,20,9,21,12,7,16,9,7,1,7,5,10,0,5,19,15,17,32,20,15,17,10,4,18,12,7,9,3,7
AT3G14930,5161,4896,5149,6493,6127,8019,7068,7819,5872,5703,6232,6680,6189,6564,5631,6049,3505,3817,4063,4917,6668,6229,5055,5860,5511,4949,5507,5167,7459,6187,7572,7353,4812,4779,4833,6203,6107,6828,6168,6429,6155,6266,6662,6582,6673,6908,6732,6728,4578,3875,4238,5053,5017,5464,4899,4873,5525,5548,5697,5642,6123,4832,4733
AT3G16010,324,365,300,362,367,361,453,406,324,335,372,383,341,384,323,409,224,222,208,316,262,376,424,402,404,316,339,371,388,407,348,430,224,328,261,342,335,327,386,334,349,328,314,342,372,397,332,370,229,261,287,295,337,312,277,298,322,298,335,282,294,303,245
AT3G18035,3597,3717,3525,4297,3919,4585,4884,5105,3716,3917,3867,3813,3594,3821,4011,3923,4176,3995,3693,3882,4282,4215,4141,4402,4424,3382,3447,3964,4197,3930,3936,4278,3010,3390,3275,3616,3923,3879,3621,3817,4121,4375,4452,3766,3968,3772,4087,3968,3550,3557,3241,3376,3356,3565,3249,3324,3602,3750,3643,3997,4034,3600,3690
AT3G18890,6558,8049,7842,8513,9331,7509,7771,8172,9011,9287,7560,8789,8294,7613,6538,7184,4138,4079,4453,7790,7712,7910,6104,7103,5286,8159,8255,8419,8541,8528,8407,7550,6613,5854,5858,9396,9032,9033,8935,9053,9221,10128,10156,9509,9743,9538,9264,10167,6356,5460,6029,6522,7227,8830,7612,7717,9230,7814,7363,7210,7662,6821,5820
AT3G21055,39166,44808,41050,52955,51302,50530,50117,50240,46411,50843,48869,50706,47477,42159,38648,41494,24872,25141,27812,43003,48526,45184,34005,41647,46688,40790,40773,42233,46454,43199,49009,49337,35952,34272,33768,49678,51640,52614,49309,46954,60955,60417,59553,52310,55702,50111,54644,59576,34723,33035,32293,37408,34455,42668,38536,37652,46634,41866,40218,38877,41336,34207,31592
AT3G21240,615,562,487,478,483,398,439,343,643,642,640,556,543,619,579,595,600,652,582,492,410,424,597,442,412,522,520,536,443,429,487,534,638,588,714,428,617,514,519,527,567,538,553,446,523,548,504,549,622,522,715,613,675,526,584,672,577,514,585,650,507,618,804
AT3G21520,4,8,6,4,8,4,2,0,7,2,2,3,3,0,3,7,2,5,3,4,4,12,12,1,14,2,7,6,1,0,1,2,14,5,8,9,8,1,9,10,1,2,1,0,1,6,4,2,1,9,9,17,6,6,15,6,10,6,1,6,8,1,13
AT3G22930,34,40,60,40,32,24,33,19,29,44,39,50,27,19,57,31,53,72,50,34,32,39,21,35,39,17,38,25,21,30,12,6,62,54,46,42,79,33,49,24,40,28,44,29,25,24,28,13,46,29,45,86,50,29,48,43,51,40,62,44,35,41,61
AT3G26680,291,238,284,230,233,202,258,169,214,238,186,202,277,226,357,224,288,348,344,263,275,255,261,245,232,221,203,258,267,292,221,239,268,252,258,226,223,198,291,253,251,219,203,263,242,248,224,239,330,315,315,279,264,249,258,261,239,210,279,268,309,283,327
AT3G27130,24,20,27,14,25,46,28,64,20,31,20,39,23,27,15,31,15,27,17,26,37,34,17,28,24,27,30,18,31,28,27,54,10,22,19,37,27,34,12,24,20,29,32,23,39,42,43,14,26,16,18,28,31,25,28,12,25,29,11,33,36,31,19
AT3G27690,60591,70960,59978,85494,89637,74776,73285,73499,48830,47485,57803,65314,61584,62927,51302,61319,36690,37465,45026,67328,72125,77936,44767,60871,44935,53715,53311,58082,73830,64328,83982,71999,43289,42525,42828,61326,61191,72039,68326,65363,87324,84443,87299,75491,75611,73681,83895,92889,45245,40872,40440,38674,40733,49268,50849,53931,54194,46906,43473,44857,46593,40692,37490
AT3G46450,1003,1009,1026,894,990,817,638,688,1004,1041,860,825,910,961,992,965,782,728,795,889,741,886,933,1059,937,1241,1146,1128,820,1004,978,695,1067,961,923,1137,935,912,957,918,905,864,778,1010,911,990,969,873,1198,1054,1172,1082,1102,1041,1127,1186,828,928,826,856,892,1016,1000
AT3G46780,33658,33987,31951,39545,39693,40251,39696,41624,34556,35227,38090,37371,36637,35088,30721,35686,16278,17205,18647,29073,32529,32037,27355,33148,27115,27625,29869,30495,35562,32870,39861,39006,24477,22996,23169,34154,33737,38004,34809,34151,39947,38351,39069,38574,39718,38246,36232,40203,25437,24681,24895,24557,25227,31164,29269,29979,31581,29376,28223,27921,29710,24334,22670
AT3G47470,216802,220956,209574,251321,253619,312825,286817,305072,172477,158440,220913,226374,225494,236218,212974,228832,147339,155658,172922,228151,266360,267661,231439,271652,258610,205798,205263,224722,277014,251731,307507,343526,152487,149664,149516,187380,189111,249792,228783,215877,252085,232852,250465,258797,253137,268949,253720,270639,168545,170727,153138,152304,166246,214366,215790,228086,205829,197300,191884,207352,210850,194152,192978
AT3G47950,66,45,31,42,46,30,28,49,44,54,33,45,57,72,35,70,25,20,10,18,35,54,30,28,84,41,28,25,40,36,12,28,47,49,51,53,60,49,40,50,43,39,37,34,39,39,21,25,27,39,52,47,76,39,22,59,42,39,51,53,63,44,46
AT3G49210,127,92,118,147,84,77,44,61,124,115,69,88,52,67,55,89,168,180,199,93,82,80,88,58,90,91,89,55,95,66,50,87,133,147,119,117,115,129,100,134,101,79,88,60,102,104,54,67,128,117,168,154,125,104,126,109,117,88,111,116,76,120,102
AT3G49860,24,26,7,9,8,12,18,5,9,19,11,2,16,7,5,7,19,16,21,9,11,18,15,7,16,11,17,5,12,11,3,11,28,32,30,15,32,16,16,10,19,17,17,12,20,16,9,11,14,12,40,25,30,9,31,43,24,21,10,22,26,17,33
AT3G50620,181,150,144,111,72,103,100,89,148,136,134,101,91,56,135,70,130,142,141,111,88,102,125,121,86,160,147,136,150,103,44,61,165,190,155,154,143,155,150,149,108,146,87,115,137,140,154,122,140,191,180,185,155,98,142,158,134,128,132,118,119,154,132
AT3G50685,2791,3008,2593,3242,2975,4032,3733,3866,2791,3043,3407,3180,3286,3190,2550,2803,1457,1627,1854,2642,2909,3042,2667,3466,3407,2752,2551,2890,3339,3157,3883,3663,2239,1965,1979,2814,2853,3436,3288,3140,3499,3400,3465,3336,3505,3562,3591,4124,2407,2125,2106,2376,2224,2842,2703,2897,2818,2739,2601,2682,2831,2430,2325
AT3G50750,964,981,969,1197,1264,1088,1170,1285,701,802,1124,1117,1219,1235,1212,1359,868,955,988,870,1028,800,796,825,764,744,790,855,1095,1018,1266,1336,667,845,734,762,650,949,1006,1001,1141,1049,1153,1080,1174,1150,928,1153,747,843,723,694,688,843,921,863,911,799,830,784,944,1040,1027
AT3G50790,1669,1771,1753,1845,1737,1604,1801,1876,1713,1887,1662,1781,1712,1629,1539,1403,1220,1096,1238,1626,1662,1621,1648,1649,1669,1571,1616,1849,1914,1705,1808,1696,1328,1377,1397,1697,1616,1806,1737,1731,1876,1761,1852,1845,1926,1778,1701,1945,1436,1532,1521,1523,1527,1785,1662,1642,1649,1682,1650,1681,1623,1516,1493
AT3G50820,47270,51628,47096,63433,66120,56607,59800,58547,52768,53477,57149,58211,57317,56797,41585,54207,38050,37317,43065,63370,64599,66006,45023,52837,41677,55319,52671,59998,61195,59674,71150,64261,41424,38094,39570,52659,54403,62556,58788,56682,68520,67848,68305,63832,67973,64670,65651,71376,45060,40458,42879,47251,45790,55165,53199,53103,57898,55177,52534,51484,53314,54254,47336
AT3G53360,69,79,79,58,43,42,35,17,53,74,54,67,66,52,57,67,95,103,58,61,67,58,61,70,59,71,43,61,55,41,58,82,54,64,113,36,84,51,62,63,67,59,47,53,43,52,48,40,64,80,59,68,85,69,54,25,47,57,75,51,51,42,78
AT3G53370,135,156,87,90,122,200,172,157,93,189,140,158,141,133,138,132,70,136,173,105,130,103,137,157,137,110,97,141,125,150,127,178,108,87,112,118,132,194,143,153,105,171,159,133,149,175,142,160,90,99,91,100,113,135,147,144,115,109,175,142,149,154,150
AT3G53470,1186,1066,1077,1156,1199,1538,1373,1464,938,966,1148,1318,1141,1126,1133,1066,1247,1311,1405,1233,1405,1350,1036,1116,1186,1099,1012,1101,1138,1101,1395,1523,950,966,928,1111,1105,1317,1301,1116,1203,1132,1225,1006,1196,1301,1338,1356,1021,1218,945,1076,955,1149,1224,1155,944,1052,1221,1051,1056,1023,1093
AT3G54890,181911,182984,171497,219850,220787,254335,235816,259306,145321,143821,185344,188152,185842,179951,150527,175937,112157,117137,129546,188236,216400,216563,188577,240676,217187,169951,166836,186874,225628,203050,248325,267041,116245,113291,115252,156464,164010,202066,179311,165766,211083,209274,218517,209445,212365,213062,197743,217998,136747,136785,125134,133433,137043,177345,177837,185267,173580,167676,154512,165150,167960,154673,146877
AT3G56320,157,156,157,134,118,103,104,103,130,171,102,137,152,114,125,108,214,223,164,151,105,130,164,154,137,150,184,128,112,106,176,110,151,198,174,176,161,112,162,163,121,103,127,116,120,145,150,114,100,168,176,176,206,187,132,140,156,170,141,153,127,135,148
AT3G56940,65952,73503,73063,86643,91765,72912,74914,72702,72062,70899,74587,79424,72887,76285,59571,71226,49421,46762,49245,83095,83877,83524,63820,68593,55812,83883,80666,77085,84042,81531,98341,83695,65174,59163,58237,80699,80385,84690,78562,77026,90140,90279,89112,88028,88962,87383,81146,88098,68076,59841,65069,74045,73060,82229,76552,76013,83455,78231,73849,74787,73470,76462,68783
AT3G57030,757,848,709,987,872,868,923,813,868,809,854,740,786,887,765,853,538,542,556,654,779,767,685,806,795,874,767,740,870,867,970,776,622,677,630,783,829,818,837,719,883,804,877,978,929,943,898,958,652,592,701,650,702,761,724,794,819,765,744,825,766,704,775
AT3G57770,34,34,56,29,42,46,21,28,30,36,47,60,33,42,27,47,86,94,90,28,61,30,52,49,47,24,21,24,22,41,40,40,54,60,39,45,32,36,20,19,42,33,24,24,28,26,47,31,57,55,41,65,40,32,44,38,33,41,36,20,60,48,47
AT3G60220,180,169,176,191,276,244,221,263,119,143,186,172,164,207,175,250,168,156,146,170,244,205,167,219,238,161,173,193,197,187,246,253,139,149,148,163,183,193,184,173,207,248,234,186,197,213,205,217,170,171,243,151,162,178,182,165,144,175,165,201,186,217,213
AT3G61350,157,126,123,124,148,169,156,184,82,91,102,106,137,153,135,175,155,123,140,112,137,162,109,160,149,103,123,113,143,141,180,161,100,128,101,126,116,149,155,119,148,114,148,141,132,136,125,158,135,141,109,72,130,95,157,145,117,101,103,144,155,105,130
AT3G61470,122757,129767,117958,146574,145654,145715,139975,144096,113959,106853,122334,129778,124270,123470,94685,111735,68355,71652,78608,113917,133824,129515,96648,119634,103323,101454,106057,107097,134088,121928,153592,141380,91329,88777,89265,111046,115805,138029,131170,121887,140293,133727,136524,136067,138133,133871,130037,141405,91868,88709,87651,81768,84446,104400,103619,110985,105340,99101,85505,89191,93140,75713,74319
AT3G62370,413,428,467,606,532,611,615,721,390,428,421,544,381,419,367,466,473,531,546,442,581,598,428,532,528,390,371,451,544,489,434,441,363,365,352,402,406,515,514,460,546,467,486,511,482,497,522,497,347,409,354,353,466,444,526,563,439,440,537,551,533,468,514
AT3G63270,288,272,262,305,303,278,293,263,251,305,318,384,300,323,325,315,260,278,214,233,311,304,296,302,298,328,244,278,320,309,350,352,276,264,245,324,307,329,304,315,361,289,356,312,300,294,370,316,258,224,216,314,301,270,294,265,317,257,249,279,271,323,260
AT4G00710,1608,1553,1691,1212,1408,1136,1288,1297,1500,1578,1250,1277,1298,1161,1341,1204,1414,1426,1283,1368,1358,1404,1429,1349,1270,1688,1535,1428,1375,1399,1262,1201,1769,1643,1502,1672,1691,1644,1653,1651,1542,1586,1571,1599,1431,1475,1672,1420,1710,1678,1755,1988,1914,1610,1819,1654,1703,1658,1756,1620,1595,1643,1631
AT4G01150,34620,32603,31660,39100,37711,44722,44479,42588,41766,41039,44018,44285,43623,41851,35082,38187,20880,21566,24385,35429,36253,36971,33799,36398,35351,33025,33521,37348,38564,38125,40305,38897,28621,26903,27342,32448,37370,42587,38373,38567,40430,39370,40483,39519,38180,38984,43578,42344,28646,28011,28741,31404,29621,37804,35062,35595,34782,33952,35129,33979,36072,31624,28882
AT4G01660,683,605,768,597,716,605,678,590,959,942,793,716,710,742,707,764,962,825,968,970,723,738,1154,819,866,907,865,819,715,681,792,738,1060,1022,1037,907,791,788,754,845,735,726,578,616,578,738,632,506,959,856,1066,1187,913,988,890,809,763,881,866,736,703,795,730
AT4G02760,104,137,120,73,105,81,121,77,108,89,123,106,104,62,108,89,148,168,161,113,100,89,120,93,122,143,148,111,116,137,152,81,146,152,171,126,142,125,118,102,110,121,111,94,97,99,96,109,129,137,184,184,166,130,115,112,117,99,139,97,101,124,134
AT4G02770,73364,80812,76308,96543,104093,98153,94060,98551,75580,78230,82160,84726,82577,73848,61174,73776,49417,47162,53440,88910,100961,95985,73266,84083,76245,78026,79001,84951,90900,85733,88120,85501,62366,59718,59519,89563,91847,93154,85778,82930,107783,104235,108485,101349,104081,98735,106855,115560,68266,62450,63265,74301,70150,84503,77538,77876,89134,82622,80577,77858,83669,75657,70596
AT4G03120,465,540,529,439,489,458,406,430,464,512,469,484,434,471,464,435,729,773,659,530,552,482,457,414,540,463,419,478,457,448,481,493,601,540,586,498,446,462,437,411,420,487,450,471,461,429,456,457,498,509,518,483,510,462,405,400,450,491,479,448,471,503,549
AT4G03280,34127,34846,31592,38784,37895,42377,42571,41883,40562,40454,40319,40872,39465,38575,32372,34793,23546,24452,26117,34448,37700,34596,33187,34481,31538,31342,32925,33078,38647,36112,43817,39446,32392,31379,30175,38697,39875,44857,42120,41088,41229,39448,40131,39419,41316,40201,39628,41932,30710,30131,30779,34625,33234,38345,35646,35344,36420,36046,37134,35442,37502,30595,28561
AT4G05170,15,16,24,31,33,24,37,26,15,12,13,9,22,20,17,15,5,2,1,3,4,10,3,24,20,1,8,20,11,9,7,19,3,1,2,7,20,13,10,9,42,21,8,44,29,10,25,23,4,2,2,6,13,11,6,5,13,8,12,16,8,19,11
AT4G05180,52229,52105,46293,58464,59663,68067,65696,68040,50652,49003,56558,58755,55735,55267,50783,53669,28913,29548,31285,43638,50299,50650,41601,51921,47966,41938,44129,46650,53995,50270,58266,54250,33327,32961,33067,45647,46471,54883,51585,47403,58544,53940,57585,59835,60016,59500,63672,68968,36858,35091,33765,36109,37410,47408,44827,46723,46830,41687,44723,43994,47581,41171,39167
AT4G05320,47906,44807,42108,50812,52370,61394,67366,65926,46695,42285,57404,55665,54341,52936,45300,55479,75208,77738,74210,55073,56394,54403,49249,57401,48045,44629,46192,52545,57122,51722,56078,58186,47534,43179,43362,40426,42190,48425,50947,49802,55623,52715,49731,59179,56881,54671,57516,56501,40310,45352,42440,40769,36438,41420,44618,45124,48127,49515,55901,55885,55435,57806,55619
AT4G09010,9163,9493,9447,11092,10872,12168,11970,11956,11464,11338,11684,11924,11517,9917,8588,9188,6146,6827,7253,10873,11453,11403,8883,11012,9051,9875,9849,10858,12779,11199,12302,11760,8640,8353,8407,11367,11406,12434,12224,12052,11614,11975,12383,12586,12747,13010,12235,12980,8712,7459,8125,9053,9142,12010,10359,10923,10645,10496,10980,10804,11525,8808,8226
AT4G09030,819,1029,846,616,584,422,431,425,724,735,707,652,610,559,538,473,1030,983,897,851,592,650,708,603,889,776,671,760,513,546,536,501,867,802,817,903,986,698,768,761,638,799,796,515,572,494,625,627,743,750,802,1227,1110,990,960,874,1046,980,857,769,799,639,726
AT4G09490,75,73,65,76,82,93,111,80,53,82,73,65,91,69,77,90,102,101,99,70,95,80,76,78,82,91,49,78,83,55,78,88,73,65,76,79,51,69,92,60,71,66,109,79,86,73,97,82,72,78,56,58,79,71,67,53,66,69,66,67,95,99,89
AT4G10340,157001,157556,147411,174346,175946,190633,186528,193406,136343,119570,149960,163957,159399,157455,130337,148354,97325,107081,114093,146502,172026,177165,145175,170998,152997,134294,140943,152719,192519,172712,217390,210775,118146,116011,113565,132010,139244,181058,164623,161190,165296,153119,165082,185759,180756,192417,180589,188962,117275,115432,110012,111967,121850,152872,154164,157608,134463,130286,130237,140591,143490,118617,115572
AT4G10360,1043,770,823,606,556,726,694,759,885,960,994,892,788,626,752,582,748,775,812,733,711,677,990,914,889,1004,925,804,858,843,658,714,797,831,771,778,780,850,770,803,760,678,682,767,760,735,774,814,902,1004,951,943,794,839,787,894,735,746,844,773,876,891,899
AT4G11600,1293,996,984,854,749,1043,1209,1077,1439,1614,1237,1122,1100,1345,1342,1217,1528,1432,1412,1092,745,976,1413,1051,1314,1066,1171,1070,823,788,918,774,1462,1141,1329,1156,1383,1148,1185,1272,1252,987,1118,928,891,987,1503,1465,1385,1366,1803,1505,1420,1112,1253,1157,1118,1077,1291,1174,1169,1569,1738
AT4G11670,477,386,474,471,465,297,448,322,384,444,307,378,442,491,489,484,580,544,505,532,416,514,478,380,418,467,542,448,405,450,474,396,574,550,521,423,447,383,394,426,356,352,366,441,401,428,438,392,504,459,618,429,434,486,472,339,425,439,415,406,389,545,467
AT4G12800,79903,82386,78182,97133,98730,93333,92509,94439,78126,73671,83081,80165,82641,80825,67652,75925,47372,46348,53440,87604,94266,93902,75604,91350,80510,84962,80678,86302,87580,84834,94432,86422,60960,58698,60211,79027,82172,92969,86846,84290,100391,96841,98978,92895,92854,87321,93716,99633,64217,63227,61570,66440,68084,79898,80103,80081,79541,78075,70588,71887,71996,69235,64280
AT4G13235,51,15,21,24,33,18,21,17,30,25,22,34,16,25,37,28,40,27,49,25,16,33,44,50,86,24,21,49,32,30,18,25,65,53,40,50,52,30,20,21,19,28,42,16,16,33,26,28,27,30,62,41,52,20,48,34,22,32,39,23,27,27,40
AT4G14050,61,76,85,67,63,54,42,49,83,81,61,84,71,109,85,101,109,89,100,79,77,72,30,49,92,79,109,98,67,67,74,88,121,81,105,84,102,78,77,82,63,102,42,87,51,76,96,94,90,95,114,62,73,89,64,60,60,94,78,68,64,83,80
AT4G14548,62,62,91,44,13,14,16,61,46,47,26,26,31,12,54,14,61,72,45,21,12,26,56,67,79,59,63,56,24,31,15,11,49,69,75,86,72,55,68,49,37,87,55,46,37,34,49,50,114,95,45,169,144,110,107,70,101,81,83,51,67,65,55
AT4G14870,1151,1161,1028,1401,1325,1923,2039,2092,1120,1291,1463,1495,1343,1239,1310,1478,1122,1322,1389,1231,1637,1417,1192,1251,1514,1054,1007,1280,1522,1410,1448,1776,1116,1006,956,1005,1064,1489,1103,1170,1055,1291,1358,1430,1470,1510,1270,1358,1125,1065,1084,1219,1107,1279,1139,1070,1175,1233,1366,1495,1586,1302,1275
AT4G15110,2361,2338,2153,2498,2445,2886,2764,3030,2849,2764,3171,3041,2826,2792,2302,2445,1903,2181,2061,2055,2338,2011,2401,2274,2117,1905,2449,2198,2618,2582,2994,2836,2308,2208,2340,2843,2730,2996,2906,3058,2777,2877,2829,2910,3225,2979,2958,3192,2049,1737,1965,1968,1949,2564,2264,2286,2320,2063,2370,2173,2641,1880,2004
AT4G15270,0,6,1,1,0,0,4,3,4,2,2,2,1,3,0,4,14,12,6,0,0,0,3,4,2,0,0,1,1,0,0,2,8,2,8,0,7,1,1,0,1,2,1,2,0,4,0,0,1,0,9,4,1,0,1,7,3,1,0,2,1,6,5
AT4G15290,27,23,10,9,11,6,7,3,9,9,19,0,11,8,13,5,10,10,29,17,11,9,18,12,24,8,28,13,6,3,12,9,19,32,17,15,16,5,10,14,6,10,17,15,8,7,5,6,56,9,23,10,21,10,10,19,10,10,11,10,10,13,20
AT4G15560,23868,23716,24070,28260,29874,28581,30851,31468,21468,20908,23606,25701,25829,25738,21711,24972,15427,15542,16489,23120,25168,26992,20125,23850,17628,20955,22133,21864,26086,25221,24532,25848,18788,19242,18238,21681,21962,25806,25361,24985,27367,26644,26719,26673,27133,26388,27811,30169,21906,19770,19516,17489,19686,23522,22891,23230,23122,21522,20914,21767,22287,20934,18900
AT4G16350,5,11,17,5,5,6,2,5,9,9,4,7,4,2,12,5,7,10,2,13,5,3,5,3,10,14,5,10,4,28,1,3,22,14,15,11,16,15,7,8,5,7,6,15,6,6,0,4,20,13,15,24,40,14,18,31,7,15,9,18,10,6,12
AT4G17460,611,696,825,900,1000,1126,1105,1154,619,532,709,982,703,731,783,642,552,571,451,776,979,932,1043,1266,1708,503,420,748,891,940,636,1030,523,452,452,522,507,578,700,651,845,921,1091,836,938,825,720,954,545,651,410,517,510,517,672,712,928,950,762,793,806,725,821
AT4G18810,2717,2835,2633,2623,2770,2563,2831,2649,3859,4094,3431,3334,3398,3164,2395,2793,2369,2290,3007,3559,3085,3305,2994,3321,2150,4018,3536,3379,2985,3002,2828,2305,3595,3328,3195,3763,3923,3270,3183,3551,3191,3331,3105,2961,2896,2762,3246,3016,3663,2818,3804,4003,3755,3934,3149,3094,3660,3732,3602,3124,3377,3642,2976
AT4G20460,79,55,84,65,51,24,42,31,49,31,30,65,16,32,44,30,57,54,53,50,52,25,49,43,75,47,53,29,57,37,49,34,93,75,111,62,80,40,53,64,52,63,77,29,52,54,26,30,65,59,62,82,81,55,54,67,59,58,45,51,36,52,66
AT4G21170,54,81,79,67,67,71,83,38,70,56,89,72,81,96,91,110,91,101,69,78,74,81,103,62,124,82,113,84,76,83,71,65,87,140,82,67,78,63,75,61,86,83,86,64,76,79,74,93,82,88,104,64,101,86,79,66,109,86,86,97,74,122,126
AT4G21230,13,21,18,5,5,8,9,0,12,8,7,10,3,8,5,2,24,15,2,7,9,7,9,1,33,6,11,6,9,14,12,2,22,21,25,16,16,8,6,6,8,13,7,6,25,12,5,18,18,17,14,10,24,11,21,15,4,30,19,15,15,10,24
AT4G21280,44284,43032,40175,54580,51463,66283,64809,67149,52445,50018,61031,60075,55203,52769,41352,50984,23942,26900,28459,46235,51481,50788,45677,53246,45502,44754,43971,49756,59802,52384,56845,59706,39565,36271,35467,50382,53416,65026,57568,55593,56358,55035,56011,58613,60387,62773,52476,55358,38036,35139,36138,42384,42358,54855,50248,51465,49788,47411,50113,50947,52147,40040,36793
AT4G21430,300,368,451,476,506,446,404,491,347,406,376,391,356,486,458,581,331,326,350,503,515,526,410,491,454,405,385,461,415,373,475,461,381,366,367,384,400,444,448,433,363,407,438,418,404,456,464,436,398,377,390,361,360,418,399,490,422,380,354,402,412,389,409
AT4G22820,646,511,548,465,403,632,548,555,656,696,556,529,550,683,631,615,660,570,724,493,517,530,653,628,717,671,777,564,409,489,719,582,641,682,668,500,540,542,653,533,511,492,480,498,531,503,556,504,673,677,752,740,540,613,693,722,446,536,529,534,517,717,603
AT4G23493,31,24,20,4,16,20,9,3,20,17,19,5,14,13,26,4,21,14,14,14,20,21,17,7,18,20,34,14,7,16,10,6,7,33,23,27,42,22,10,26,11,10,25,12,11,16,17,23,28,22,21,33,14,6,26,27,9,25,29,20,17,26,31
AT4G23890,5048,4665,4533,6196,6204,6677,6170,6438,4551,4679,6622,6424,6499,6260,5473,6833,3768,3739,4076,5136,5047,5084,3618,4254,4127,3859,4295,4718,5330,4729,5421,5814,3669,3720,3771,4998,4921,5636,5491,5085,5614,4924,5351,5390,5662,5834,6070,6354,4667,4378,4221,3834,3761,4949,4659,4921,4702,4303,4757,4672,5285,4794,4384
AT4G24540,440,401,436,531,483,688,594,646,398,509,601,551,528,476,384,438,238,256,344,413,486,431,442,531,505,571,532,498,632,596,443,478,340,349,317,520,497,513,545,570,470,437,491,451,493,550,450,443,331,289,339,354,431,649,468,470,422,451,558,578,606,338,338
AT4G25080,14209,14533,15075,18566,18206,19979,20292,21193,14309,14023,16445,17149,16446,16467,15064,15649,11476,11372,11572,16042,18290,18295,14304,16524,15425,13369,13865,15049,18140,16726,19136,19960,12669,11972,12156,14024,14435,16549,15777,16166,17993,17573,17970,17794,17998,16973,17613,18548,13160,12891,12517,11644,12482,14776,13716,13665,15887,15350,15563,15564,15633,14160,13741
AT4G26555,1307,1247,1256,1393,1448,2167,1835,2056,1181,1293,1528,1498,1502,1234,1225,1317,1042,1194,1280,1335,1703,1606,1268,1686,1791,963,939,1079,1356,1385,1527,1678,1137,1037,1064,1153,1091,1242,1160,1114,1377,1430,1351,1343,1274,1100,1120,1392,1169,1191,1050,1194,908,1108,1028,883,1108,1168,1186,1236,1241,1124,1042
AT4G27250,16,8,7,9,5,4,14,2,8,13,17,9,7,3,4,2,16,16,10,8,5,10,14,9,10,8,12,16,9,5,4,3,10,11,9,32,6,16,7,18,3,6,3,12,11,8,13,6,20,13,19,6,14,6,17,10,8,6,6,7,15,8,12
AT4G27290,20,28,26,13,10,10,9,12,13,18,26,24,19,27,10,17,24,26,22,12,10,34,39,16,35,14,25,19,13,11,27,11,17,26,23,15,28,7,11,20,19,9,21,11,13,13,5,9,31,18,33,37,47,23,25,32,22,12,9,31,24,16,13
AT4G27652,40,46,50,33,25,20,12,21,52,57,48,17,33,50,44,37,99,61,52,20,36,18,56,34,45,70,80,33,28,28,44,31,48,46,54,32,46,78,42,29,29,21,43,53,63,30,41,27,43,47,72,65,46,93,85,58,42,35,52,33,40,51,38
AT4G27700,6215,6361,6217,6979,7300,7099,6058,6397,5252,5844,7060,7167,6929,7425,6759,6906,4253,4202,4712,7008,6321,6590,5562,6044,6049,6425,6683,6611,7459,6710,8139,8357,4198,4161,4286,6373,6099,6757,6293,6021,6969,7144,7436,7395,7749,7806,7477,8267,5072,5070,4641,4957,5208,6290,5769,6054,6087,6029,6613,6153,6466,6892,6380
AT4G27830,1332,1192,1334,926,855,743,852,705,1582,1498,1306,1011,1160,1395,1176,1260,2313,2376,2659,1606,1019,1179,1242,1074,948,1429,1367,1278,1111,1021,1353,1010,2254,1989,2169,1436,1250,1181,1213,1389,1150,1111,1141,1047,1087,1117,1450,1383,1581,1609,1702,1260,1153,1054,1041,1090,1019,1114,964,863,960,1527,1427
AT4G28040,18,3,9,90,130,190,174,172,52,45,138,105,83,416,440,384,342,246,442,50,40,92,39,9,35,21,34,9,13,14,74,84,37,23,17,18,60,158,87,65,146,126,128,120,123,103,658,512,11,5,35,28,36,10,36,32,22,68,35,46,50,52,142
AT4G28750,67209,69929,62186,82015,78951,85164,80240,83281,63353,66925,78059,79513,76006,71081,69791,71678,43682,42535,47889,68735,73350,72078,59963,69131,74745,60905,60783,70333,76944,70824,81438,75942,49157,46239,47460,64836,65875,73632,67861,66159,78004,73245,79473,80814,83069,76652,79744,84007,55249,55219,50778,59221,53923,66225,63462,61565,65704,61170,65352,62382,67161,60006,57248
AT4G30620,667,770,767,979,875,811,958,855,983,1006,824,1004,874,943,831,870,596,509,543,784,873,811,808,742,829,700,860,793,885,837,990,864,730,696,763,951,921,851,816,843,909,986,934,933,984,1007,943,935,665,605,628,932,758,773,662,609,831,774,841,857,834,790,813
AT4G31270,100,119,120,246,150,218,213,205,140,118,115,166,126,113,164,208,144,146,142,158,172,122,137,157,185,88,84,130,142,189,143,199,108,130,98,108,101,118,144,146,154,132,168,152,139,138,132,149,104,130,92,101,127,131,119,109,111,177,149,133,105,155,126
AT4G31870,448,360,440,305,237,285,392,317,792,1156,540,408,487,279,263,192,529,614,770,749,297,272,746,365,271,672,474,475,323,286,227,155,513,595,574,634,579,484,480,542,401,339,295,285,288,203,354,365,859,910,1071,1404,799,849,739,584,641,572,593,514,355,502,348
AT4G32070,1126,1153,1309,936,969,1031,916,872,1409,1434,1185,1153,1192,1076,1053,1288,996,956,952,970,944,851,1510,1337,1310,1373,1424,1198,1077,1215,1318,1218,1334,1260,1205,1223,1196,1067,1068,1118,948,1097,930,1065,887,1038,943,816,1302,1262,1286,1634,1385,1271,1388,1194,1150,1164,1144,1160,1195,1046,1061
AT4G33040,504,447,315,188,137,149,125,118,362,369,218,206,259,158,288,175,306,233,298,117,60,81,128,148,149,261,314,226,127,183,117,87,336,317,297,230,222,298,310,286,197,144,127,127,183,171,160,170,400,460,380,350,308,310,401,412,231,300,213,148,186,224,240
AT4G33985,7,11,9,18,6,6,11,7,15,11,17,3,11,22,8,14,17,28,11,18,4,10,8,19,20,21,11,8,15,16,4,2,24,21,26,4,26,12,14,8,18,18,30,12,11,11,9,16,11,21,17,36,17,29,19,15,25,29,11,10,27,19,21
AT4G34050,9013,9074,7902,8349,7750,6177,6824,5975,13034,12895,10264,9517,9398,8758,8164,8089,10980,9666,10161,9379,7619,6709,10158,8497,8992,10750,10163,10096,8186,8695,9049,7260,12080,11363,12321,10314,11590,9316,9302,9596,9501,8942,8638,8855,8545,8725,9515,8546,11039,9527,12736,15096,10831,10874,9497,9644,9242,9694,10529,9361,9086,10600,9582
AT4G34350,17680,19074,19034,23137,23837,21055,20537,20391,20823,19509,20290,21061,19947,18126,15428,17358,13288,12578,12791,19923,20906,21628,16457,17161,14873,20367,20538,19897,21629,20518,23232,21838,16893,16214,16145,20420,20954,25104,24213,23786,27481,24504,23379,25288,25229,24399,25564,27728,16456,15467,15867,18615,18534,21917,21889,21353,21825,21223,21184,20302,20029,18118,16955
AT4G34590,494,448,472,274,267,250,288,240,523,665,419,319,366,385,555,376,717,606,616,425,335,280,568,450,530,653,498,501,326,372,248,303,755,763,713,673,530,420,418,439,397,341,315,319,350,290,401,319,551,624,556,855,615,529,468,450,460,562,612,448,489,542,536
AT4G34600,152,171,108,111,115,71,98,92,134,106,86,70,85,50,113,71,142,146,75,103,88,90,117,96,177,112,130,70,93,134,86,61,173,147,163,138,218,119,103,102,117,113,115,143,134,102,114,115,136,112,173,198,184,138,178,191,157,170,183,153,92,107,195
AT4G34930,14,20,16,29,9,4,14,10,24,21,22,22,29,12,12,15,8,20,23,18,12,13,21,18,2,26,25,15,4,9,13,25,35,21,40,22,23,11,34,14,16,20,13,12,16,13,17,11,15,25,26,32,28,34,10,17,31,17,26,25,24,27,25
AT4G37200,2252,2075,1967,2407,2438,2208,2102,2054,2183,2347,2248,2406,2099,2323,1805,2093,1401,1506,1460,2033,1965,2020,1625,1829,1547,1987,2220,1985,1942,1958,2141,1902,1726,1730,1731,2066,2100,2132,2267,2041,2244,2237,2147,2121,2199,2292,2026,2118,1948,1787,1801,1957,2018,2087,1929,1899,2067,2049,2006,1996,1879,1973,1746
AT4G37608,36,58,48,14,29,14,16,44,53,35,24,26,31,30,33,27,47,84,53,38,12,25,56,34,57,47,56,39,50,39,28,26,50,72,67,48,45,44,40,34,32,50,33,42,51,29,62,67,69,49,41,77,73,52,48,38,30,43,40,23,58,51,69
AT4G38910,172,187,174,211,199,172,251,225,187,180,203,175,157,189,143,186,186,173,210,153,142,203,184,194,232,214,155,138,160,139,192,217,121,158,153,174,130,221,187,189,199,182,151,144,219,215,196,199,151,158,123,138,168,151,147,207,172,123,114,163,132,155,152
AT4G38970,173409,180299,177905,216437,219078,181861,201426,199474,199291,203952,207152,196687,195374,180474,133211,173217,111894,109368,126579,226080,214114,212726,184189,199866,169384,210497,197806,215208,204604,201803,212817,205925,151281,137376,137630,179991,202339,219961,203482,204995,232216,222660,217201,207319,211778,200662,195963,201953,166259,157101,168263,191960,187718,226698,211903,202197,218850,212845,191687,188242,188627,188509,166442
AT4G39970,2856,2630,2429,3009,2955,2940,3255,3105,3039,3112,3119,3384,3254,2813,2563,2403,1829,1888,2097,3062,3143,2875,2711,2790,2458,2905,2671,2989,3192,2870,3391,2763,2581,2688,2425,2993,2931,3217,3027,3126,3020,3280,3207,3355,3344,3292,3002,3148,2604,2472,2719,2581,2481,2692,2425,2538,2678,2816,2843,2604,2881,2648,2443
AT5G01530,115432,115506,103737,139392,130560,164019,161101,172988,105797,99943,129953,126982,125597,133152,106235,124174,73241,78037,87886,108610,127266,130125,115909,137541,128777,97500,102639,108532,135855,126345,162167,159207,88271,82938,87190,106590,113790,142853,127532,124161,138966,132065,136782,135255,138409,136262,136906,141839,85060,86673,84903,80474,84669,105965,104093,106348,104111,102946,92810,97685,102410,86538,83993
AT5G01590,4911,4673,4425,5272,5160,5822,6103,5989,5619,5815,6191,6119,6078,5396,4475,5506,4258,4759,4276,4831,5964,4779,5151,5145,4712,3855,4748,5127,6306,5828,6378,6844,5575,5164,5203,6649,6528,6994,6193,6736,5991,6760,6396,6150,6802,6939,6503,6221,5072,4619,5120,4804,4464,6148,4979,5152,5367,5341,5827,5468,6323,4850,4336
AT5G03780,133,116,124,143,120,163,162,183,147,118,112,117,171,175,161,159,128,139,142,151,145,141,161,104,143,142,152,179,123,162,168,169,135,143,102,126,81,109,146,112,124,113,127,144,138,103,101,170,97,108,119,105,107,130,126,145,127,124,118,143,133,112,144
AT5G04080,306,296,245,232,196,329,199,181,237,233,240,216,212,263,308,220,410,338,424,268,230,260,234,296,328,225,268,209,203,187,248,264,235,306,304,202,237,223,195,230,156,146,222,191,199,209,211,223,277,281,309,332,239,269,261,276,235,247,230,250,249,265,336
AT5G05690,2618,2386,2710,3075,3401,3963,4156,4158,2631,2426,3018,2883,3161,3243,2685,3283,4729,4756,4106,2975,3663,3537,2711,2816,3077,2154,2591,2720,3258,3146,3459,4359,2745,2822,2835,2460,2433,2924,2804,2597,3281,3320,3447,3506,3523,3602,4072,4239,2439,2720,2297,2361,2280,2412,2448,2612,2693,2647,2644,2723,2909,2925,3023
AT5G06710,178,184,173,156,210,184,200,169,114,132,194,199,164,204,218,203,127,108,113,142,148,143,163,180,161,176,176,169,159,164,159,186,118,159,138,167,145,179,114,188,194,198,215,215,166,192,173,209,160,145,135,148,162,176,129,165,128,191,167,170,133,140,167
AT5G10100,140,123,195,74,62,75,37,47,176,130,47,36,31,24,67,58,97,86,95,49,50,37,73,53,69,148,126,58,38,33,40,20,78,99,116,103,78,67,66,50,79,91,71,44,40,29,41,54,97,175,89,167,180,71,126,97,128,110,67,62,46,50,64
AT5G10280,38,51,11,35,14,8,26,16,26,17,11,10,31,7,32,26,30,33,44,16,11,24,17,10,31,31,26,13,20,39,6,9,50,35,47,26,53,33,18,16,29,21,12,8,19,21,9,11,40,31,38,53,37,24,44,36,17,22,46,37,19,29,40
AT5G10700,132,170,150,170,194,137,186,151,142,152,167,156,157,199,151,162,130,91,106,150,123,127,128,149,173,134,146,155,159,181,204,158,123,138,114,173,118,139,137,149,185,202,162,132,128,134,147,135,147,120,126,156,112,136,137,108,168,144,117,150,113,174,121
AT5G11930,128,132,97,65,51,32,49,26,89,115,100,63,78,77,49,38,89,62,95,75,59,42,64,44,43,117,76,85,51,64,38,5,127,118,93,107,117,104,77,97,84,76,46,40,77,68,54,72,125,158,135,122,98,108,83,90,75,99,72,48,56,83,64
AT5G12880,8,26,14,13,6,8,4,2,16,18,11,7,14,8,12,6,14,16,20,3,6,27,8,10,16,7,8,6,2,8,3,0,14,16,21,8,37,6,14,4,10,8,10,11,5,8,5,2,9,14,22,24,23,13,17,16,20,10,27,26,6,13,27
AT5G13630,114072,120498,115780,136972,137220,133135,147047,140805,139287,133623,138308,144176,141389,137396,99357,122116,71514,75673,81700,129597,128318,125995,126157,121108,81920,117717,128062,120794,140744,135051,162866,147582,123710,111527,113591,148076,145480,175180,167212,175180,160748,161523,162874,156823,159972,168868,156045,165396,110971,88696,119512,94952,109449,150671,127521,133213,124964,118099,115971,110715,120583,99013,87615
AT5G13750,550,494,528,298,285,289,274,207,609,463,348,285,392,357,393,312,723,707,805,420,363,359,327,271,257,516,445,336,306,345,274,295,779,539,675,413,466,371,456,420,411,307,349,334,306,319,464,385,527,688,593,573,599,409,440,430,389,399,397,474,293,383,523
AT5G14060,6771,7338,7564,9257,9463,9270,8847,8778,6619,6296,7447,8623,8138,8138,6754,7782,4838,4738,5072,7875,8344,9138,6455,7762,6613,7431,7585,8146,9391,8309,9882,10223,6108,5856,5626,8052,7730,8852,8357,8290,9432,8923,8985,10083,9719,9650,10139,10517,5925,6104,5411,5428,6260,7627,7783,7542,7789,7349,7103,7663,7592,6913,7039
AT5G16030,6101,6519,6689,8003,7882,9769,9690,10840,5351,5407,7134,8238,7834,6635,7540,6828,7479,7326,7771,8077,9980,9344,6159,7561,8095,6382,6683,7643,9574,8342,8227,9491,5043,5833,5465,6259,5689,6098,6356,5750,7142,7299,7829,7830,7769,7926,8105,9098,5583,6109,4785,4542,4732,5398,4840,5038,5507,5272,6325,6676,6588,6413,6138
AT5G16380,51,56,72,47,28,42,37,31,48,54,41,46,34,69,45,62,58,62,41,34,45,47,38,46,86,63,75,54,57,64,34,57,79,92,55,80,42,40,60,63,37,54,73,59,47,35,65,66,68,55,67,97,55,56,58,50,20,51,58,26,65,65,51
AT5G16400,3129,2927,2653,3349,3141,4387,3995,4574,2634,2493,3014,3152,3275,2641,2581,2786,2193,2325,2434,3054,3635,3816,2748,3441,3167,2723,2439,3174,3772,3296,3475,3796,2233,2289,2219,2782,2593,3472,3300,3102,3082,3131,3393,3525,3323,3539,3237,3490,2630,2704,2336,2629,2713,3202,3255,3295,2957,2883,3423,3421,3389,2910,2772
AT5G16420,85,58,52,73,95,56,74,63,71,72,87,70,46,91,84,85,132,134,117,84,113,81,109,109,53,72,101,64,56,77,63,102,119,117,142,90,68,74,60,78,63,71,74,75,68,71,101,76,101,111,124,94,107,60,93,76,89,66,62,85,59,99,82
AT5G16530,237,199,170,120,89,57,98,87,165,231,179,151,156,121,109,144,112,99,74,95,74,99,122,90,96,141,137,139,95,114,69,76,214,168,166,150,171,184,188,164,217,117,103,92,121,100,105,175,266,218,236,199,246,251,200,196,212,195,114,121,145,106,119
AT5G17220,1511,1262,549,330,257,882,1021,776,1560,1917,1044,724,1125,983,892,926,1009,1159,2010,1297,552,902,1176,858,801,757,601,1185,629,693,338,374,1239,1454,1561,1250,1216,1249,1099,1178,1020,864,890,427,545,653,1601,1371,1619,1608,2357,1865,968,629,544,582,859,1175,904,534,743,1347,1238
AT5G18920,73,92,59,45,47,54,39,47,81,76,56,69,59,56,80,47,71,52,47,87,54,68,79,71,73,76,75,70,68,81,77,22,70,77,87,63,72,62,79,74,49,61,52,88,47,70,57,61,71,88,65,89,61,58,70,68,59,55,61,46,74,74,57
AT5G19220,2011,2035,1758,2488,2472,2278,2708,2581,2279,2438,2466,2564,2592,2324,2171,1868,1407,1397,1529,2226,2274,2353,2003,2100,1722,1972,2085,2336,2383,2286,2051,2010,1665,1600,1626,2290,2198,2656,2513,2565,2915,2731,2798,2665,2741,2814,3029,3233,2011,1846,1931,2148,1936,2226,2227,2307,2428,2307,2525,2350,2573,2163,2006
AT5G19500,800,657,754,731,789,809,831,776,657,599,646,685,699,678,695,594,453,551,588,716,723,658,605,680,679,739,792,720,712,743,753,689,587,656,586,678,602,794,695,707,815,704,698,777,695,709,733,758,723,710,635,650,708,773,831,817,652,628,599,594,588,557,564
AT5G19940,14834,13579,13148,16767,16424,18328,17043,18387,12497,12283,15688,15872,15842,16185,13983,16888,12591,12336,12947,14763,17314,17936,13379,15317,15407,12911,12873,14459,18168,15756,20054,20421,11467,11050,11077,12367,12450,15769,14559,14325,15467,14224,14690,16121,16038,16939,15644,16365,12873,13512,11800,11830,12083,14611,14644,14206,13428,13274,14296,14523,15218,14151,13527
AT5G22788,18,13,10,13,4,8,9,14,9,16,15,7,16,5,21,1,24,27,14,8,10,10,39,19,31,14,17,3,12,9,1,11,12,25,30,26,16,13,16,18,13,19,21,15,9,16,13,13,14,16,18,21,10,19,4,13,14,12,15,9,15,17,31
AT5G24010,287,289,298,292,181,260,264,223,287,296,272,245,231,220,282,200,332,324,248,282,211,271,327,257,385,308,324,270,228,312,205,195,329,309,313,373,331,292,299,327,296,306,269,272,272,203,266,296,323,338,315,379,363,343,325,351,325,371,405,348,335,309,339
AT5G24280,177,187,180,134,142,129,167,136,197,138,128,132,153,148,220,174,544,618,450,254,196,242,138,157,128,169,150,206,165,167,139,138,519,481,493,205,200,142,169,183,197,190,155,143,158,163,137,154,286,185,295,207,255,180,179,170,258,189,189,179,234,350,260
AT5G25980,20188,21532,20643,32866,34562,26775,28587,25522,27732,27177,25340,26518,23796,17315,15486,17373,14496,16482,17496,28104,30478,29330,26105,28635,21091,32683,31872,30625,29254,30172,26664,25530,21271,20249,21327,32873,30354,37513,39682,34250,43464,42778,41185,37771,38800,39997,37514,40875,14218,9675,14459,18543,18373,25195,20099,21403,20664,22412,23060,21920,22403,16904,16892
AT5G26000,71449,76092,78271,93632,101589,76619,81653,77746,85386,85139,79655,85212,78298,58385,52670,51936,60962,62984,66791,88370,87129,88267,75275,74804,60020,91108,91099,87748,85292,86894,71553,68376,71405,68133,67067,88637,84056,97216,98248,88284,112746,109091,104366,107562,108489,106292,101853,108669,63177,53272,58406,70569,71142,89359,79736,82525,79862,80749,79775,76428,78178,61415,60427
AT5G26200,95,69,114,175,155,291,207,259,112,144,156,177,152,274,279,287,46,37,37,99,100,96,120,101,106,43,84,66,173,150,182,225,85,66,73,94,117,129,125,143,144,162,168,160,199,175,184,195,47,85,60,33,87,81,88,92,104,157,88,123,89,108,139
AT5G37400,67,87,76,56,41,48,47,73,82,60,54,45,64,56,77,49,79,58,64,68,66,42,59,52,82,103,50,65,54,62,62,36,77,91,54,89,59,57,58,51,47,45,56,50,75,61,61,39,57,64,45,71,50,81,76,56,72,76,63,55,53,72,44
AT5G37570,45,47,55,36,39,26,39,47,34,60,39,39,20,39,45,28,55,35,42,67,36,38,68,65,51,77,60,79,39,55,35,47,62,80,60,47,75,46,25,43,43,29,24,46,43,40,34,42,50,68,62,73,34,53,18,29,62,47,46,46,50,38,58
AT5G37980,40,26,16,9,14,6,4,2,13,15,20,21,22,8,33,30,19,17,17,26,16,7,59,31,47,27,13,40,6,14,15,16,30,18,27,40,46,19,22,30,11,6,23,11,15,8,21,32,36,34,41,22,18,9,26,35,10,15,27,30,24,41,52
AT5G39530,4182,4275,4190,4498,4856,6035,5221,5561,3537,3736,3999,4612,4315,3994,4276,3971,3253,3300,3434,4215,4920,4691,3860,4617,4484,3515,3863,3808,4819,4504,5325,5642,3571,3449,3387,4227,4347,4707,4253,4216,4394,4289,4153,4919,4746,4663,4992,5164,3882,3741,3194,3086,3264,3598,3422,3641,3720,3378,3549,3480,4133,3115,2943
AT5G39785,153,104,146,90,127,145,134,118,135,121,87,51,119,130,124,109,160,117,117,108,127,71,123,139,120,112,121,104,89,112,130,132,133,163,153,130,135,147,107,132,113,81,120,106,108,118,105,104,160,171,184,192,112,156,132,140,144,130,122,134,114,106,154
AT5G41260,721,778,779,746,661,668,627,668,566,663,556,551,643,582,740,618,1150,1174,1065,703,826,691,664,660,791,676,702,645,719,654,685,658,853,869,987,590,658,546,621,669,615,703,683,752,609,560,722,734,831,839,742,793,740,696,673,679,743,699,674,789,731,753,693
AT5G42010,28,32,39,29,39,28,37,44,32,15,33,24,37,39,49,45,51,56,58,53,30,24,27,33,39,38,29,16,31,48,22,31,50,66,53,53,45,29,20,41,21,17,23,31,25,40,31,25,42,46,70,41,61,30,25,27,43,32,30,36,30,35,39
AT5G43170,46,51,53,37,34,28,11,45,34,46,26,43,37,40,36,45,69,64,40,38,41,41,59,47,29,57,49,48,48,42,47,68,54,62,64,53,36,50,36,46,59,63,40,50,29,56,44,34,57,90,57,68,45,34,58,37,38,57,44,42,56,46,60
AT5G43420,59,55,62,22,34,20,32,33,69,42,50,29,19,25,37,46,99,93,85,42,39,25,82,35,102,33,46,51,35,44,25,17,120,91,102,78,136,74,66,66,32,43,56,29,40,45,37,41,77,81,105,65,60,48,52,47,60,48,56,55,46,44,57
AT5G43890,32,11,15,15,10,18,9,10,15,22,6,15,10,20,22,12,27,14,4,28,10,27,18,19,14,4,9,10,16,17,10,6,49,25,21,11,14,15,12,20,13,11,28,16,16,16,6,10,32,40,61,22,14,9,40,12,26,22,31,25,14,7,21
AT5G44230,108,114,109,105,67,81,90,108,130,108,76,98,96,130,129,105,99,70,74,76,113,106,102,121,132,116,119,103,89,112,121,138,107,126,110,105,107,103,92,93,115,83,82,77,101,110,96,118,103,110,130,142,129,99,89,110,117,87,127,96,135,104,114
AT5G44520,1395,1272,1392,1408,1413,1386,1388,1509,1483,1490,1150,1416,1437,1170,1149,1261,760,898,896,1197,1339,1360,1227,1168,1054,1447,1318,1278,1340,1324,1412,1393,1001,1004,914,1426,1384,1635,1553,1461,1546,1355,1415,1372,1439,1429,1282,1343,1107,1057,1131,1281,1325,1527,1384,1452,1374,1410,1459,1292,1319,1105,1068
AT5G44600,393,360,345,360,397,464,494,453,360,450,316,407,407,412,431,356,292,355,341,283,407,416,421,430,408,350,336,370,449,387,435,478,304,334,327,391,325,410,379,383,368,407,379,358,409,414,380,399,261,330,311,367,311,353,339,382,416,387,364,388,396,342,306
AT5G46110,48859,51876,46903,60469,60296,55655,56860,56170,49832,44966,50389,54205,51854,53725,43383,47920,35469,35783,39142,54225,56313,60052,42563,51010,39408,49367,48848,51525,57532,53589,58745,54073,41542,39634,40104,46768,47970,57329,53671,55218,54853,53714,56448,55364,57040,54204,56110,59385,42978,40342,40093,38408,43666,50206,50974,49952,47935,46656,44861,47792,45606,42939,40049
AT5G47040,5451,5473,5739,6979,7106,8606,8648,9333,5637,5556,5893,6428,5643,6065,5160,5965,3090,3370,3090,5077,6655,5921,4751,5758,4706,4183,4782,4727,6967,6048,7618,8593,4694,4557,4438,6715,6649,7279,6950,7090,7108,6860,7010,6964,6972,6563,6180,6630,5839,5166,5921,5515,5535,6971,6179,6076,6558,6052,6097,5851,6529,5104,4478
AT5G48790,2305,2332,2533,2744,2735,2775,2566,2604,2501,2861,2393,2516,2674,2452,2560,2247,1730,1699,1864,2431,2408,2495,2249,2425,2486,2668,2573,2423,2529,2372,2376,2481,1864,1714,1668,2469,2313,2456,2430,2255,2701,2596,2523,2682,2813,2603,2389,2800,2040,2176,1810,2479,2380,2501,2590,2640,2538,2533,2426,2471,2271,2123,1925
AT5G49730,8582,9142,9637,10650,10528,10420,11342,10576,6596,6438,7672,8257,8381,5810,6187,5011,3066,3111,3859,7987,8562,8231,7658,7670,5513,6275,6527,5488,8414,7311,6738,7519,5655,5068,5521,7886,7256,8380,8365,8036,9815,8511,9624,7957,7996,7906,7617,8490,6847,7144,6191,5197,7074,7510,7709,7746,8282,7389,6572,6854,6707,5102,5315
AT5G50950,2827,3292,3146,3676,4104,4280,2891,2996,2539,2192,1931,2536,2306,3092,2717,2674,989,944,1149,3197,2487,4746,3007,4034,3088,2920,3200,4140,3330,3827,2174,2170,1418,1451,1719,2333,2079,3161,3520,3764,3659,3710,4415,3719,3571,3505,4316,4478,1907,1753,1496,1960,2315,3337,3982,4404,3283,3004,2295,2796,2340,2130,1960
AT5G51220,448,387,403,391,380,315,362,299,528,556,409,472,445,458,474,403,559,471,437,533,427,474,567,454,479,569,541,423,416,450,460,343,669,617,509,485,526,418,421,482,378,378,395,394,431,434,385,391,501,571,542,692,543,419,454,417,435,429,414,477,407,520,394
AT5G51310,35,38,15,22,15,12,12,17,15,16,22,21,30,39,32,18,15,15,19,25,17,30,15,38,35,32,28,19,28,16,9,17,28,27,22,27,35,33,33,29,26,31,18,18,47,29,18,14,59,29,25,25,29,32,43,34,25,32,39,21,26,29,24
AT5G51545,1207,1157,1138,1462,1475,1673,1571,1894,1265,1423,1636,1522,1473,1454,1285,1334,1210,1151,1221,1250,1535,1604,1153,1309,1398,1026,1145,1250,1476,1397,1489,1509,1084,972,980,1265,1272,1268,1286,1218,1262,1375,1403,1432,1432,1421,1274,1265,1135,1095,1132,1299,1201,1268,1117,1212,1379,1320,1573,1517,1663,1226,1299
AT5G51570,212,191,224,248,237,167,197,162,259,255,218,269,235,281,250,282,350,363,302,225,187,249,237,198,196,240,265,228,182,231,198,161,320,289,265,231,263,227,247,198,193,181,218,220,192,208,190,182,277,208,291,340,273,179,241,236,240,265,203,264,231,245,225
AT5G52100,808,903,1045,1106,1234,1090,1211,1191,909,933,951,1018,931,1096,980,1049,583,658,683,1168,1384,1218,1006,1121,1041,937,922,818,1073,1002,1195,1288,754,791,777,872,909,896,918,884,1144,996,1208,1015,974,1049,885,1047,888,779,813,721,861,918,779,781,988,965,892,957,998,870,702
AT5G52390,62,5,6,9,1,22,11,2,12,8,13,12,15,2,14,15,128,87,177,13,7,14,5,46,33,2,0,4,5,0,9,9,68,54,40,4,16,1,8,28,11,2,4,4,5,11,5,1,40,28,29,33,10,8,14,23,14,19,5,12,23,11,51
AT5G52850,115,84,97,55,65,67,91,54,75,87,99,88,96,86,44,86,178,125,130,103,90,71,105,86,102,64,102,83,99,114,59,105,146,134,139,111,108,74,91,78,98,75,88,76,95,81,110,68,127,138,103,100,113,94,80,51,88,99,111,76,94,99,113
AT5G52890,108,119,132,183,163,218,206,186,107,138,153,163,116,151,152,157,106,113,102,141,128,150,125,180,171,170,133,171,197,151,192,197,112,156,116,116,146,136,129,120,166,114,158,126,118,166,168,164,136,131,116,134,140,143,129,109,148,128,132,128,140,143,139
AT5G53230,1,0,0,0,0,0,0,0,3,1,2,2,0,0,1,4,37,27,19,5,2,3,0,1,0,6,0,1,2,2,0,0,2,5,16,0,1,1,0,1,1,1,1,1,0,3,1,3,4,4,3,0,1,1,0,0,0,0,6,1,1,1,4
AT5G54100,367,416,446,385,475,345,302,334,614,599,452,542,464,471,426,495,557,430,538,508,425,457,559,525,465,526,474,466,498,521,567,487,604,539,560,508,520,397,412,385,426,408,430,460,409,398,384,350,510,480,537,643,564,479,381,411,560,491,490,492,493,609,518
AT5G54270,173675,198681,177365,226278,227642,190778,188047,191365,156148,148940,167235,188028,182027,179168,158035,179900,119263,114169,126343,200840,228867,221593,140787,167264,162039,175363,178524,189368,213693,196694,228591,210920,136346,134958,129337,167196,169855,196699,193319,176254,212663,200263,211120,220587,221544,213104,217830,237437,150725,142839,135260,148009,149875,186706,175064,180493,176859,168616,164860,162032,167023,158000,147086
AT5G54530,147,118,99,166,171,194,179,178,118,98,115,129,171,217,184,211,87,70,89,113,77,111,122,117,132,141,148,155,137,112,187,147,85,117,107,122,101,120,137,102,122,115,175,143,142,154,128,221,128,83,104,111,93,118,112,138,117,99,86,102,98,115,144
AT5G56090,404,349,396,346,331,347,425,308,493,536,541,400,442,350,304,478,592,537,575,426,316,402,513,353,318,498,419,463,345,370,398,346,505,516,564,456,432,406,371,484,369,328,325,335,369,375,328,321,471,464,510,603,525,399,432,386,408,411,444,391,388,522,430
AT5G56260,1074,1019,968,1146,1119,1265,1184,1298,1054,1177,1290,1035,1117,1020,954,1125,801,723,723,999,992,911,999,909,1156,847,1009,913,1097,956,1066,1132,863,785,918,1156,1086,1243,1180,1158,1123,1086,1098,993,1119,1190,1061,1056,983,933,838,1033,1028,1147,960,970,1005,993,1050,1093,1116,939,857
AT5G57030,3530,3451,3492,3795,4110,4274,5047,4832,3950,3738,4464,4504,4760,4363,3746,4055,2167,2351,2434,3380,3693,3905,3829,4223,3363,4001,3819,4092,4751,4184,4147,4074,2970,2955,2871,3972,3678,4499,4091,4108,4194,3898,4008,4386,4327,4626,3927,4511,3457,3248,3273,3361,3603,4431,3999,4099,3993,3679,3888,4244,4161,3957,3655
AT5G57040,2603,2672,2323,2593,2496,2712,2538,2604,2880,2521,2479,2692,2564,2383,2161,2066,1847,1791,2051,2612,2588,2512,2120,2424,2417,2674,2692,2680,2761,2379,2823,2445,2106,2095,1952,2353,2284,2844,2750,2689,2751,2506,2591,2836,2555,2742,2799,3047,2171,2170,2292,2333,2280,2640,2624,2760,2483,2608,2562,2514,2370,2358,2359
AT5G57350,7389,7461,7552,7795,8604,8814,9543,8847,6983,7431,7078,7411,7364,9130,7850,8165,5997,6143,6923,8145,8393,9060,8939,9174,8602,8513,8069,8079,8424,7714,9678,10302,6766,6336,6482,7680,7481,8728,7720,8166,8076,7815,8161,7963,7961,8192,8280,9168,7049,5915,7552,6725,8316,8874,8586,7952,8032,7752,8069,8091,8360,8341,8319
AT5G58160,730,624,657,543,616,438,441,426,725,612,463,530,583,683,520,615,420,527,484,620,568,699,562,515,514,720,708,645,599,706,632,504,612,579,642,689,711,610,623,687,561,605,528,678,573,524,620,594,849,669,892,521,755,703,637,616,679,714,590,570,681,668,631
AT5G58550,440,443,428,471,414,428,401,395,390,341,409,450,367,486,388,493,263,344,262,363,380,387,460,433,336,401,454,403,436,489,419,431,423,376,424,398,405,517,446,537,455,482,403,527,433,543,442,454,388,326,436,329,446,516,502,494,488,469,449,422,502,380,357
AT5G59820,61,55,79,47,41,28,28,9,41,37,28,31,35,27,64,53,166,154,197,68,29,63,52,40,55,22,20,23,17,17,50,11,64,51,61,30,34,12,69,56,23,40,46,11,46,21,19,13,110,77,109,75,42,53,50,60,34,61,42,47,27,72,53
AT5G60850,873,830,907,927,964,858,708,787,668,631,729,855,766,1081,1024,905,1018,879,888,653,662,777,746,841,874,647,849,743,767,676,1027,1039,648,680,831,583,571,928,882,948,811,858,923,885,992,848,947,947,710,787,570,530,577,724,973,1046,696,777,683,624,680,797,892
AT5G61670,3292,3452,3433,3975,4061,3903,3383,3845,2957,3237,3180,3525,3415,3355,3150,3013,2349,2643,2474,3081,3354,3048,2441,2816,2723,3168,3196,3065,3300,2970,3651,3652,2787,2603,2567,3149,3312,3553,3248,3347,3872,3484,3686,3568,3449,3287,3661,3946,2872,3166,2737,2504,2848,3019,3086,3068,3273,3128,2792,2849,2705,3095,2878
AT5G61740,22,22,33,67,47,57,42,61,25,44,20,51,45,19,32,27,19,33,43,54,46,38,38,35,24,28,30,35,40,22,25,36,31,23,33,38,30,44,40,33,49,51,46,40,63,36,45,40,34,20,15,19,43,60,28,35,16,39,29,35,19,16,6
AT5G63290,106,91,83,68,90,56,81,78,128,130,123,134,81,133,100,109,152,160,165,128,115,73,68,90,124,99,130,130,71,89,108,99,135,124,106,96,64,91,95,127,98,100,63,82,96,105,125,108,135,104,131,123,127,109,71,85,89,101,102,105,96,141,105
AT5G64060,24,21,25,20,27,12,21,17,29,19,19,31,23,24,26,24,96,79,110,26,30,37,46,21,39,20,21,21,27,20,22,43,44,32,20,33,37,33,36,34,24,29,22,27,27,20,30,18,39,49,19,37,42,24,18,21,34,39,25,20,28,34,32
AT5G64460,2082,2051,2042,2480,2393,2454,2237,2560,2322,2375,2333,2442,2237,2235,2073,1948,1642,1722,1817,2376,2534,2393,2171,2277,2225,2564,2347,2290,2481,2367,2774,2760,1853,1849,1855,2364,2170,2448,2321,2617,2453,2511,2581,2452,2631,2532,2329,2410,1976,1875,2005,2256,2207,2317,2205,2263,2395,2270,2479,2437,2520,2152,1997
AT5G64520,106,99,141,152,129,182,141,157,103,136,110,149,142,131,115,159,124,113,143,142,111,101,129,93,102,119,101,128,136,159,112,157,86,111,86,130,121,132,104,148,149,106,99,116,134,135,155,149,91,119,94,79,114,142,121,96,122,135,109,107,131,122,157
AT5G66570,153371,159998,148174,188409,189617,176996,176773,176674,155362,152711,179405,174618,172109,184409,140474,173153,120792,118314,129544,177306,192995,187017,136507,157939,146165,153360,152823,163165,181364,168918,217988,200669,127088,120656,124145,150246,160675,179934,167219,160950,192455,184783,187092,181525,183843,181369,194844,202867,137836,132811,129263,137977,130171,157687,153003,151211,155572,147817,149549,145914,150976,149464,135392
AT5G66631,64,62,46,38,39,36,40,37,34,52,48,50,56,61,50,66,51,82,45,34,45,37,52,58,71,32,67,29,48,27,59,87,63,61,75,58,51,55,52,69,45,31,57,35,56,51,35,34,56,70,54,51,56,53,41,47,52,64,39,60,42,54,60
AT5G66700,7,1,1,8,6,6,4,3,12,1,2,5,8,0,9,18,2,11,8,14,1,9,6,6,29,5,1,3,6,0,1,14,6,13,14,6,2,2,5,5,4,3,6,4,6,3,3,3,13,13,28,7,25,5,9,7,7,10,9,4,8,22,9
AT5G67030,23531,23136,21565,23908,25107,23284,23222,22622,22734,22965,24034,23793,23919,21274,16591,18830,13700,13439,15177,23573,20771,22088,21890,21259,14355,23671,23924,21742,22176,21792,24182,21782,17462,17162,17159,22158,21315,24716,23695,23413,25196,23017,23999,23120,23444,24484,22134,24222,20931,19016,20915,21279,19906,24673,25023,25804,22698,22128,20921,20120,20368,21929,18873